run_id,epoch,train_loss,val_loss,val_perplexity,val_accuracy,epoch_seconds
4be95609-e2a2-4164-a8d6-441ac3cd5b71,1,5.5969,5.2068,182.517,0.2097,11.9
4be95609-e2a2-4164-a8d6-441ac3cd5b71,2,5.0654,4.9041,134.841,0.2417,10.5
4be95609-e2a2-4164-a8d6-441ac3cd5b71,3,4.8157,4.6705,106.755,0.2571,10.4
4be95609-e2a2-4164-a8d6-441ac3cd5b71,4,4.6295,4.4643,86.86,0.2867,10.4
4be95609-e2a2-4164-a8d6-441ac3cd5b71,5,4.4224,4.2636,71.068,0.3049,10.4
4be95609-e2a2-4164-a8d6-441ac3cd5b71,6,4.2531,4.1068,60.755,0.3092,11.2
4be95609-e2a2-4164-a8d6-441ac3cd5b71,7,4.1355,3.9717,53.075,0.3242,10.9
4be95609-e2a2-4164-a8d6-441ac3cd5b71,8,3.9812,3.8432,46.674,0.3412,11.0
4be95609-e2a2-4164-a8d6-441ac3cd5b71,9,3.8837,3.7472,42.402,0.3456,10.8
4be95609-e2a2-4164-a8d6-441ac3cd5b71,10,3.7918,3.6578,38.775,0.3464,10.4
4be95609-e2a2-4164-a8d6-441ac3cd5b71,11,3.7143,3.5673,35.422,0.3574,10.7
4be95609-e2a2-4164-a8d6-441ac3cd5b71,12,3.6241,3.4931,32.888,0.3673,10.5
4be95609-e2a2-4164-a8d6-441ac3cd5b71,13,3.5586,3.4296,30.863,0.378,10.5
4be95609-e2a2-4164-a8d6-441ac3cd5b71,14,3.5136,3.3745,29.211,0.3776,11.7
4be95609-e2a2-4164-a8d6-441ac3cd5b71,15,3.4437,3.3194,27.643,0.387,10.7
4be95609-e2a2-4164-a8d6-441ac3cd5b71,16,3.4091,3.2921,26.898,0.3914,11.2
4be95609-e2a2-4164-a8d6-441ac3cd5b71,17,3.341,3.2077,24.722,0.3981,10.8
4be95609-e2a2-4164-a8d6-441ac3cd5b71,18,3.2929,3.1618,23.612,0.4032,11.0
4be95609-e2a2-4164-a8d6-441ac3cd5b71,19,3.2588,3.1233,22.721,0.4111,11.1
4be95609-e2a2-4164-a8d6-441ac3cd5b71,20,3.1996,3.0847,21.86,0.4072,11.0
aed0912f-a931-4a44-a2b8-936a7079e35e,1,5.5727,5.207,182.539,0.2113,10.7
aed0912f-a931-4a44-a2b8-936a7079e35e,2,5.0639,4.9032,134.724,0.2417,10.8
aed0912f-a931-4a44-a2b8-936a7079e35e,3,4.8093,4.7031,110.286,0.2615,10.4
aed0912f-a931-4a44-a2b8-936a7079e35e,4,4.616,4.4993,89.954,0.278,10.4
aed0912f-a931-4a44-a2b8-936a7079e35e,5,4.4607,4.3025,73.884,0.2966,10.5
aed0912f-a931-4a44-a2b8-936a7079e35e,6,4.2898,4.1771,65.179,0.3025,10.5
aed0912f-a931-4a44-a2b8-936a7079e35e,7,4.1581,4.0442,57.068,0.3164,10.5
aed0912f-a931-4a44-a2b8-936a7079e35e,8,4.0539,3.9251,50.658,0.3278,10.8
aed0912f-a931-4a44-a2b8-936a7079e35e,9,3.9263,3.8292,46.024,0.3385,11.2
aed0912f-a931-4a44-a2b8-936a7079e35e,10,3.8552,3.7397,42.087,0.344,11.0
aed0912f-a931-4a44-a2b8-936a7079e35e,11,3.7849,3.6658,39.089,0.3551,10.8
aed0912f-a931-4a44-a2b8-936a7079e35e,12,3.7244,3.6149,37.148,0.3614,11.4
aed0912f-a931-4a44-a2b8-936a7079e35e,13,3.6828,3.5607,35.188,0.3582,11.0
aed0912f-a931-4a44-a2b8-936a7079e35e,14,3.6262,3.5152,33.622,0.3681,10.6
aed0912f-a931-4a44-a2b8-936a7079e35e,15,3.5935,3.4803,32.469,0.3705,10.7
aed0912f-a931-4a44-a2b8-936a7079e35e,16,3.5583,3.4586,31.771,0.3752,10.7
aed0912f-a931-4a44-a2b8-936a7079e35e,17,3.5412,3.4425,31.264,0.372,11.3
aed0912f-a931-4a44-a2b8-936a7079e35e,18,3.5067,3.4337,30.99,0.3784,10.9
aed0912f-a931-4a44-a2b8-936a7079e35e,19,3.5049,3.4282,30.822,0.376,11.7
aed0912f-a931-4a44-a2b8-936a7079e35e,20,3.5103,3.4267,30.776,0.3736,11.6
65f86ab7-9ce3-4a34-882f-cbec60b302a3,1,5.8049,5.3815,217.359,0.1927,9.2
65f86ab7-9ce3-4a34-882f-cbec60b302a3,2,5.2733,5.1797,177.633,0.2113,9.1
65f86ab7-9ce3-4a34-882f-cbec60b302a3,3,5.1185,5.0271,152.483,0.2263,8.4
65f86ab7-9ce3-4a34-882f-cbec60b302a3,4,5.0062,4.9251,137.708,0.2354,9.3
65f86ab7-9ce3-4a34-882f-cbec60b302a3,5,4.9015,4.8432,126.876,0.2409,8.9
65f86ab7-9ce3-4a34-882f-cbec60b302a3,6,4.8308,4.7344,113.798,0.2551,8.1
65f86ab7-9ce3-4a34-882f-cbec60b302a3,7,4.7306,4.629,102.409,0.2674,9.3
65f86ab7-9ce3-4a34-882f-cbec60b302a3,8,4.6617,4.5605,95.631,0.269,8.3
65f86ab7-9ce3-4a34-882f-cbec60b302a3,9,4.5865,4.5064,90.596,0.2788,8.0
65f86ab7-9ce3-4a34-882f-cbec60b302a3,10,4.5307,4.413,82.515,0.2879,8.1
65f86ab7-9ce3-4a34-882f-cbec60b302a3,11,4.4645,4.3719,79.194,0.2915,8.9
65f86ab7-9ce3-4a34-882f-cbec60b302a3,12,4.3939,4.3116,74.557,0.2938,9.7
65f86ab7-9ce3-4a34-882f-cbec60b302a3,13,4.3209,4.2401,69.415,0.3053,8.3
65f86ab7-9ce3-4a34-882f-cbec60b302a3,14,4.2959,4.1758,65.09,0.3132,9.0
65f86ab7-9ce3-4a34-882f-cbec60b302a3,15,4.2525,4.1449,63.109,0.3077,7.9
65f86ab7-9ce3-4a34-882f-cbec60b302a3,16,4.2098,4.0959,60.092,0.314,7.8
65f86ab7-9ce3-4a34-882f-cbec60b302a3,17,4.1745,4.0542,57.641,0.3167,7.8
65f86ab7-9ce3-4a34-882f-cbec60b302a3,18,4.1233,3.9999,54.595,0.3195,8.0
65f86ab7-9ce3-4a34-882f-cbec60b302a3,19,4.0793,3.9717,53.075,0.3235,8.6
65f86ab7-9ce3-4a34-882f-cbec60b302a3,20,4.0283,3.893,49.06,0.329,8.8
0a87c21d-c8e6-4deb-8ed3-abc650e9a30a,1,5.8314,5.3937,220.022,0.1919,8.7
0a87c21d-c8e6-4deb-8ed3-abc650e9a30a,2,5.286,5.1911,179.665,0.2133,8.2
0a87c21d-c8e6-4deb-8ed3-abc650e9a30a,3,5.1253,5.042,154.786,0.2275,8.6
0a87c21d-c8e6-4deb-8ed3-abc650e9a30a,4,4.9927,4.921,137.134,0.2378,8.3
0a87c21d-c8e6-4deb-8ed3-abc650e9a30a,5,4.8938,4.8189,123.83,0.248,9.1
0a87c21d-c8e6-4deb-8ed3-abc650e9a30a,6,4.7936,4.7178,111.921,0.2547,8.5
0a87c21d-c8e6-4deb-8ed3-abc650e9a30a,7,4.7269,4.6384,103.377,0.2618,9.2
0a87c21d-c8e6-4deb-8ed3-abc650e9a30a,8,4.6436,4.5795,97.469,0.2694,8.8
0a87c21d-c8e6-4deb-8ed3-abc650e9a30a,9,4.5721,4.5147,91.349,0.2792,8.7
0a87c21d-c8e6-4deb-8ed3-abc650e9a30a,10,4.5315,4.4615,86.616,0.282,8.7
0a87c21d-c8e6-4deb-8ed3-abc650e9a30a,11,4.5073,4.4218,83.248,0.2832,8.2
0a87c21d-c8e6-4deb-8ed3-abc650e9a30a,12,4.4413,4.3692,78.977,0.2848,8.7
0a87c21d-c8e6-4deb-8ed3-abc650e9a30a,13,4.4154,4.3329,76.162,0.2871,8.0
0a87c21d-c8e6-4deb-8ed3-abc650e9a30a,14,4.3888,4.3048,74.051,0.2938,8.0
0a87c21d-c8e6-4deb-8ed3-abc650e9a30a,15,4.3457,4.2911,73.046,0.2911,8.1
0a87c21d-c8e6-4deb-8ed3-abc650e9a30a,16,4.3296,4.2681,71.388,0.299,8.5
0a87c21d-c8e6-4deb-8ed3-abc650e9a30a,17,4.3215,4.2527,70.295,0.3006,8.7
0a87c21d-c8e6-4deb-8ed3-abc650e9a30a,18,4.303,4.2503,70.127,0.299,8.2
0a87c21d-c8e6-4deb-8ed3-abc650e9a30a,19,4.2875,4.2451,69.765,0.3021,8.2
0a87c21d-c8e6-4deb-8ed3-abc650e9a30a,20,4.3166,4.2434,69.647,0.3002,8.5
c15312e6-d134-41a3-a61d-99e97b9af5d2,1,5.4235,5.0454,155.309,0.2295,20.0
c15312e6-d134-41a3-a61d-99e97b9af5d2,2,4.812,4.6235,101.854,0.2737,18.9
c15312e6-d134-41a3-a61d-99e97b9af5d2,3,4.4832,4.2435,69.654,0.3017,18.8
c15312e6-d134-41a3-a61d-99e97b9af5d2,4,4.1519,3.9983,54.503,0.327,19.1
c15312e6-d134-41a3-a61d-99e97b9af5d2,5,3.8998,3.7471,42.398,0.3507,18.9
c15312e6-d134-41a3-a61d-99e97b9af5d2,6,3.7277,3.5471,34.712,0.3649,19.2
c15312e6-d134-41a3-a61d-99e97b9af5d2,7,3.5623,3.3924,29.737,0.372,19.0
c15312e6-d134-41a3-a61d-99e97b9af5d2,8,3.39,3.2731,26.393,0.3902,18.9
c15312e6-d134-41a3-a61d-99e97b9af5d2,9,3.3131,3.1797,24.038,0.4013,19.0
c15312e6-d134-41a3-a61d-99e97b9af5d2,10,3.2204,3.0948,22.082,0.4119,19.3
c15312e6-d134-41a3-a61d-99e97b9af5d2,11,3.118,3.0016,20.118,0.4234,19.2
c15312e6-d134-41a3-a61d-99e97b9af5d2,12,3.065,2.941,18.935,0.4344,19.3
c15312e6-d134-41a3-a61d-99e97b9af5d2,13,2.991,2.8786,17.79,0.4348,19.0
c15312e6-d134-41a3-a61d-99e97b9af5d2,14,2.9049,2.8174,16.733,0.4439,19.1
c15312e6-d134-41a3-a61d-99e97b9af5d2,15,2.8553,2.7857,16.211,0.4554,18.7
c15312e6-d134-41a3-a61d-99e97b9af5d2,16,2.8064,2.6937,14.786,0.4641,18.9
c15312e6-d134-41a3-a61d-99e97b9af5d2,17,2.7467,2.663,14.34,0.4743,20.0
c15312e6-d134-41a3-a61d-99e97b9af5d2,18,2.7018,2.5998,13.461,0.483,19.3
c15312e6-d134-41a3-a61d-99e97b9af5d2,19,2.6723,2.5443,12.734,0.4854,19.1
c15312e6-d134-41a3-a61d-99e97b9af5d2,20,2.6314,2.5446,12.739,0.4913,19.1
48488959-b754-4ae6-a0a9-eb48d151380c,1,5.4474,5.0457,155.359,0.2291,19.4
48488959-b754-4ae6-a0a9-eb48d151380c,2,4.8438,4.6499,104.573,0.263,19.2
48488959-b754-4ae6-a0a9-eb48d151380c,3,4.5315,4.3388,76.613,0.2978,18.9
48488959-b754-4ae6-a0a9-eb48d151380c,4,4.2629,4.1535,63.657,0.3211,19.0
48488959-b754-4ae6-a0a9-eb48d151380c,5,4.0437,3.8885,48.838,0.3464,19.3
48488959-b754-4ae6-a0a9-eb48d151380c,6,3.8622,3.7366,41.956,0.3495,19.4
48488959-b754-4ae6-a0a9-eb48d151380c,7,3.7138,3.5809,35.907,0.3645,18.8
48488959-b754-4ae6-a0a9-eb48d151380c,8,3.5955,3.4762,32.337,0.3803,21.9
48488959-b754-4ae6-a0a9-eb48d151380c,9,3.4572,3.3408,28.241,0.3898,20.4
48488959-b754-4ae6-a0a9-eb48d151380c,10,3.3481,3.2961,27.008,0.3882,20.7
48488959-b754-4ae6-a0a9-eb48d151380c,11,3.2428,3.1944,24.396,0.4021,19.2
48488959-b754-4ae6-a0a9-eb48d151380c,12,3.1956,3.134,22.965,0.4052,19.4
48488959-b754-4ae6-a0a9-eb48d151380c,13,3.1217,3.0828,21.819,0.4123,19.4
48488959-b754-4ae6-a0a9-eb48d151380c,14,3.0748,3.0193,20.477,0.4258,19.7
48488959-b754-4ae6-a0a9-eb48d151380c,15,3.0133,2.9692,19.476,0.4352,20.1
48488959-b754-4ae6-a0a9-eb48d151380c,16,2.9659,2.942,18.955,0.4352,19.6
48488959-b754-4ae6-a0a9-eb48d151380c,17,2.9491,2.9284,18.698,0.4368,19.8
48488959-b754-4ae6-a0a9-eb48d151380c,18,2.9292,2.9139,18.428,0.4415,19.9
48488959-b754-4ae6-a0a9-eb48d151380c,19,2.9191,2.9036,18.239,0.4404,19.4
48488959-b754-4ae6-a0a9-eb48d151380c,20,2.9097,2.9013,18.198,0.4431,19.5
ee21371a-8146-40c5-ad90-f5f1e17f9302,1,5.5857,5.1426,171.168,0.2208,9.4
ee21371a-8146-40c5-ad90-f5f1e17f9302,2,5.0063,4.8232,124.357,0.2524,8.8
ee21371a-8146-40c5-ad90-f5f1e17f9302,3,4.7353,4.5957,99.06,0.2813,8.4
ee21371a-8146-40c5-ad90-f5f1e17f9302,4,4.5436,4.3599,78.252,0.3011,8.8
ee21371a-8146-40c5-ad90-f5f1e17f9302,5,4.3528,4.1623,64.22,0.3192,8.9
ee21371a-8146-40c5-ad90-f5f1e17f9302,6,4.1749,3.9923,54.181,0.3345,7.9
ee21371a-8146-40c5-ad90-f5f1e17f9302,7,4.0189,3.8493,46.958,0.3436,9.0
ee21371a-8146-40c5-ad90-f5f1e17f9302,8,3.8861,3.6947,40.233,0.3558,8.4
ee21371a-8146-40c5-ad90-f5f1e17f9302,9,3.8049,3.6341,37.868,0.3675,8.5
ee21371a-8146-40c5-ad90-f5f1e17f9302,10,3.6915,3.5353,34.304,0.3774,8.1
ee21371a-8146-40c5-ad90-f5f1e17f9302,11,3.6208,3.459,31.786,0.3806,8.7
ee21371a-8146-40c5-ad90-f5f1e17f9302,12,3.5485,3.3647,28.925,0.3946,8.6
ee21371a-8146-40c5-ad90-f5f1e17f9302,13,3.493,3.3255,27.812,0.3959,8.5
ee21371a-8146-40c5-ad90-f5f1e17f9302,14,3.422,3.2624,26.111,0.3959,8.6
ee21371a-8146-40c5-ad90-f5f1e17f9302,15,3.3701,3.2228,25.097,0.4014,8.3
ee21371a-8146-40c5-ad90-f5f1e17f9302,16,3.3079,3.1652,23.694,0.4045,8.1
ee21371a-8146-40c5-ad90-f5f1e17f9302,17,3.2734,3.1234,22.725,0.4072,8.9
ee21371a-8146-40c5-ad90-f5f1e17f9302,18,3.2373,3.086,21.889,0.4185,8.3
ee21371a-8146-40c5-ad90-f5f1e17f9302,19,3.1975,3.0205,20.502,0.4208,8.9
ee21371a-8146-40c5-ad90-f5f1e17f9302,20,3.1629,3.0079,20.244,0.4271,8.5
0795f23b-6320-4d47-8de4-d15efedffda4,1,5.5729,5.1676,175.49,0.2122,9.0
0795f23b-6320-4d47-8de4-d15efedffda4,2,5.0238,4.7963,121.064,0.247,8.4
0795f23b-6320-4d47-8de4-d15efedffda4,3,4.7383,4.5622,95.796,0.2709,8.5
0795f23b-6320-4d47-8de4-d15efedffda4,4,4.5164,4.3235,75.455,0.2966,8.5
0795f23b-6320-4d47-8de4-d15efedffda4,5,4.3389,4.1625,64.23,0.3106,8.3
0795f23b-6320-4d47-8de4-d15efedffda4,6,4.1812,4.0068,54.968,0.3278,8.4
0795f23b-6320-4d47-8de4-d15efedffda4,7,4.0505,3.8595,47.442,0.3372,8.5
0795f23b-6320-4d47-8de4-d15efedffda4,8,3.9579,3.7642,43.128,0.3517,8.7
0795f23b-6320-4d47-8de4-d15efedffda4,9,3.8553,3.6704,39.267,0.3562,8.5
0795f23b-6320-4d47-8de4-d15efedffda4,10,3.8003,3.6048,36.773,0.3643,8.7
0795f23b-6320-4d47-8de4-d15efedffda4,11,3.7338,3.5437,34.596,0.3693,8.1
0795f23b-6320-4d47-8de4-d15efedffda4,12,3.6499,3.4838,32.585,0.3783,8.1
0795f23b-6320-4d47-8de4-d15efedffda4,13,3.5848,3.4381,31.129,0.3815,8.5
0795f23b-6320-4d47-8de4-d15efedffda4,14,3.5801,3.3951,29.819,0.3865,7.9
0795f23b-6320-4d47-8de4-d15efedffda4,15,3.548,3.3592,28.765,0.3878,8.0
0795f23b-6320-4d47-8de4-d15efedffda4,16,3.5139,3.341,28.247,0.3941,9.0
0795f23b-6320-4d47-8de4-d15efedffda4,17,3.4878,3.3226,27.731,0.3919,8.4
0795f23b-6320-4d47-8de4-d15efedffda4,18,3.4763,3.3104,27.397,0.3883,8.5
0795f23b-6320-4d47-8de4-d15efedffda4,19,3.4549,3.305,27.247,0.3901,8.6
0795f23b-6320-4d47-8de4-d15efedffda4,20,3.4627,3.3025,27.182,0.3928,8.6
54e45f7a-962b-4135-8d5d-9b9384f1968a,1,5.59,5.1902,179.508,0.2167,20.3
54e45f7a-962b-4135-8d5d-9b9384f1968a,2,5.0724,4.8718,130.558,0.2505,20.1
54e45f7a-962b-4135-8d5d-9b9384f1968a,3,4.815,4.63,102.511,0.2768,20.4
54e45f7a-962b-4135-8d5d-9b9384f1968a,4,4.5992,4.4187,82.989,0.2894,21.6
54e45f7a-962b-4135-8d5d-9b9384f1968a,5,4.4223,4.2543,70.408,0.3055,21.6
54e45f7a-962b-4135-8d5d-9b9384f1968a,6,4.2704,4.092,59.857,0.3177,20.9
54e45f7a-962b-4135-8d5d-9b9384f1968a,7,4.1257,3.9458,51.716,0.3287,21.0
54e45f7a-962b-4135-8d5d-9b9384f1968a,8,4.0077,3.8608,47.504,0.3421,21.1
54e45f7a-962b-4135-8d5d-9b9384f1968a,9,3.8819,3.7436,42.25,0.3547,21.2
54e45f7a-962b-4135-8d5d-9b9384f1968a,10,3.8091,3.6292,37.682,0.3571,20.1
54e45f7a-962b-4135-8d5d-9b9384f1968a,11,3.7306,3.5645,35.323,0.3606,21.3
54e45f7a-962b-4135-8d5d-9b9384f1968a,12,3.6546,3.483,32.556,0.381,22.0
54e45f7a-962b-4135-8d5d-9b9384f1968a,13,3.5781,3.4056,30.133,0.3803,21.2
54e45f7a-962b-4135-8d5d-9b9384f1968a,14,3.5451,3.3322,28.0,0.3936,20.9
54e45f7a-962b-4135-8d5d-9b9384f1968a,15,3.4522,3.2919,26.894,0.3964,20.9
54e45f7a-962b-4135-8d5d-9b9384f1968a,16,3.4063,3.2396,25.522,0.4019,21.0
54e45f7a-962b-4135-8d5d-9b9384f1968a,17,3.3715,3.192,24.336,0.4105,21.3
54e45f7a-962b-4135-8d5d-9b9384f1968a,18,3.3207,3.1471,23.269,0.4074,21.0
54e45f7a-962b-4135-8d5d-9b9384f1968a,19,3.27,3.108,22.376,0.4117,20.1
54e45f7a-962b-4135-8d5d-9b9384f1968a,20,3.2514,3.058,21.286,0.4164,21.3
697d1bee-b3a9-407d-bd0c-63aef6496405,1,5.5598,5.1889,179.267,0.2116,20.2
697d1bee-b3a9-407d-bd0c-63aef6496405,2,5.0397,4.8649,129.657,0.2509,20.9
697d1bee-b3a9-407d-bd0c-63aef6496405,3,4.7995,4.6547,105.078,0.2713,21.3
697d1bee-b3a9-407d-bd0c-63aef6496405,4,4.6016,4.4573,86.257,0.2993,21.3
697d1bee-b3a9-407d-bd0c-63aef6496405,5,4.4324,4.2657,71.212,0.3107,20.8
697d1bee-b3a9-407d-bd0c-63aef6496405,6,4.2624,4.1251,61.872,0.3252,20.7
697d1bee-b3a9-407d-bd0c-63aef6496405,7,4.1487,3.9983,54.506,0.3276,20.8
697d1bee-b3a9-407d-bd0c-63aef6496405,8,4.0333,3.8804,48.441,0.335,19.9
697d1bee-b3a9-407d-bd0c-63aef6496405,9,3.8952,3.7606,42.976,0.3468,20.1
697d1bee-b3a9-407d-bd0c-63aef6496405,10,3.8443,3.6858,39.877,0.3586,21.3
697d1bee-b3a9-407d-bd0c-63aef6496405,11,3.7678,3.6254,37.541,0.3634,22.4
697d1bee-b3a9-407d-bd0c-63aef6496405,12,3.7108,3.5694,35.496,0.37,21.8
697d1bee-b3a9-407d-bd0c-63aef6496405,13,3.6557,3.5003,33.125,0.3732,21.4
697d1bee-b3a9-407d-bd0c-63aef6496405,14,3.6094,3.4649,31.974,0.3771,21.6
697d1bee-b3a9-407d-bd0c-63aef6496405,15,3.5677,3.4276,30.803,0.3799,19.9
697d1bee-b3a9-407d-bd0c-63aef6496405,16,3.5458,3.4132,30.363,0.3877,21.1
697d1bee-b3a9-407d-bd0c-63aef6496405,17,3.5155,3.391,29.696,0.3889,22.0
697d1bee-b3a9-407d-bd0c-63aef6496405,18,3.5232,3.3812,29.406,0.3889,20.6
697d1bee-b3a9-407d-bd0c-63aef6496405,19,3.5267,3.3742,29.2,0.3897,19.8
697d1bee-b3a9-407d-bd0c-63aef6496405,20,3.5042,3.3735,29.181,0.3897,20.9
a696be6a-20ba-45f3-a08d-b4e5c0233b83,1,5.4928,5.1218,167.644,0.2196,11.5
a696be6a-20ba-45f3-a08d-b4e5c0233b83,2,4.8968,4.7905,120.356,0.2579,11.7
a696be6a-20ba-45f3-a08d-b4e5c0233b83,3,4.611,4.5109,91.002,0.2863,10.9
a696be6a-20ba-45f3-a08d-b4e5c0233b83,4,4.3805,4.3141,74.748,0.3033,10.2
a696be6a-20ba-45f3-a08d-b4e5c0233b83,5,4.1785,4.1397,62.785,0.3124,10.6
a696be6a-20ba-45f3-a08d-b4e5c0233b83,6,4.012,3.9741,53.202,0.3389,11.4
a696be6a-20ba-45f3-a08d-b4e5c0233b83,7,3.8588,3.8352,46.301,0.3397,11.6
a696be6a-20ba-45f3-a08d-b4e5c0233b83,8,3.7336,3.7225,41.367,0.3535,11.5
a696be6a-20ba-45f3-a08d-b4e5c0233b83,9,3.6345,3.608,36.893,0.3665,10.3
a696be6a-20ba-45f3-a08d-b4e5c0233b83,10,3.5145,3.5527,34.906,0.3752,10.2
a696be6a-20ba-45f3-a08d-b4e5c0233b83,11,3.4335,3.4288,30.84,0.3827,10.2
a696be6a-20ba-45f3-a08d-b4e5c0233b83,12,3.3441,3.3647,28.924,0.393,10.4
a696be6a-20ba-45f3-a08d-b4e5c0233b83,13,3.2724,3.3254,27.809,0.3938,10.3
a696be6a-20ba-45f3-a08d-b4e5c0233b83,14,3.2024,3.2489,25.761,0.3965,10.2
a696be6a-20ba-45f3-a08d-b4e5c0233b83,15,3.1492,3.1518,23.377,0.4198,10.2
a696be6a-20ba-45f3-a08d-b4e5c0233b83,16,3.0664,3.1091,22.4,0.41,10.5
a696be6a-20ba-45f3-a08d-b4e5c0233b83,17,3.0226,3.0972,22.136,0.4127,12.5
a696be6a-20ba-45f3-a08d-b4e5c0233b83,18,2.9578,3.0297,20.691,0.4258,11.5
a696be6a-20ba-45f3-a08d-b4e5c0233b83,19,2.9203,2.9948,19.981,0.4285,10.3
a696be6a-20ba-45f3-a08d-b4e5c0233b83,20,2.8744,2.9408,18.932,0.4297,10.5
85a65b36-89d7-4e58-b33f-1837341cfad9,1,5.5119,5.1381,170.389,0.222,10.4
85a65b36-89d7-4e58-b33f-1837341cfad9,2,4.9129,4.7791,118.995,0.2666,10.5
85a65b36-89d7-4e58-b33f-1837341cfad9,3,4.6201,4.5656,96.123,0.28,10.7
85a65b36-89d7-4e58-b33f-1837341cfad9,4,4.3996,4.3479,77.319,0.3077,10.9
85a65b36-89d7-4e58-b33f-1837341cfad9,5,4.2101,4.1619,64.191,0.3167,10.4
85a65b36-89d7-4e58-b33f-1837341cfad9,6,4.03,4.0205,55.728,0.3306,10.4
85a65b36-89d7-4e58-b33f-1837341cfad9,7,3.8879,3.8747,48.17,0.3456,10.4
85a65b36-89d7-4e58-b33f-1837341cfad9,8,3.7498,3.7906,44.285,0.3515,10.6
85a65b36-89d7-4e58-b33f-1837341cfad9,9,3.6849,3.7064,40.707,0.361,10.2
85a65b36-89d7-4e58-b33f-1837341cfad9,10,3.5872,3.6233,37.463,0.3669,10.3
85a65b36-89d7-4e58-b33f-1837341cfad9,11,3.483,3.5569,35.054,0.3724,10.8
85a65b36-89d7-4e58-b33f-1837341cfad9,12,3.4218,3.4683,32.081,0.3795,10.9
85a65b36-89d7-4e58-b33f-1837341cfad9,13,3.3627,3.417,30.479,0.3811,10.8
85a65b36-89d7-4e58-b33f-1837341cfad9,14,3.3014,3.3674,29.004,0.3851,10.5
85a65b36-89d7-4e58-b33f-1837341cfad9,15,3.2812,3.3344,28.062,0.3938,10.6
85a65b36-89d7-4e58-b33f-1837341cfad9,16,3.2238,3.3048,27.242,0.4013,11.0
85a65b36-89d7-4e58-b33f-1837341cfad9,17,3.2124,3.2773,26.504,0.3993,10.4
85a65b36-89d7-4e58-b33f-1837341cfad9,18,3.1966,3.2651,26.182,0.4032,10.6
85a65b36-89d7-4e58-b33f-1837341cfad9,19,3.2052,3.2625,26.114,0.4024,10.5
85a65b36-89d7-4e58-b33f-1837341cfad9,20,3.1657,3.2603,26.058,0.4032,10.5
30a10a52-380f-4d59-a0ff-2b3053293044,1,5.6493,5.2781,195.997,0.1994,10.7
30a10a52-380f-4d59-a0ff-2b3053293044,2,5.179,5.0142,150.541,0.2212,10.4
30a10a52-380f-4d59-a0ff-2b3053293044,3,4.9517,4.8304,125.263,0.2429,10.5
30a10a52-380f-4d59-a0ff-2b3053293044,4,4.7829,4.6402,103.565,0.2622,10.8
30a10a52-380f-4d59-a0ff-2b3053293044,5,4.6295,4.4874,88.894,0.2765,10.8
30a10a52-380f-4d59-a0ff-2b3053293044,6,4.5105,4.3595,78.222,0.2919,10.8
30a10a52-380f-4d59-a0ff-2b3053293044,7,4.3941,4.243,69.618,0.3002,13.0
30a10a52-380f-4d59-a0ff-2b3053293044,8,4.286,4.0902,59.75,0.3152,10.9
30a10a52-380f-4d59-a0ff-2b3053293044,9,4.1721,3.9785,53.437,0.3262,10.8
30a10a52-380f-4d59-a0ff-2b3053293044,10,4.0914,3.8839,48.612,0.3282,11.4
30a10a52-380f-4d59-a0ff-2b3053293044,11,4.0193,3.801,44.747,0.3381,11.2
30a10a52-380f-4d59-a0ff-2b3053293044,12,3.9254,3.7298,41.67,0.3428,11.9
30a10a52-380f-4d59-a0ff-2b3053293044,13,3.8696,3.6776,39.551,0.3436,11.0
30a10a52-380f-4d59-a0ff-2b3053293044,14,3.8177,3.6179,37.261,0.3523,10.9
30a10a52-380f-4d59-a0ff-2b3053293044,15,3.7346,3.5694,35.495,0.3582,10.8
30a10a52-380f-4d59-a0ff-2b3053293044,16,3.688,3.5101,33.453,0.3622,11.0
30a10a52-380f-4d59-a0ff-2b3053293044,17,3.6324,3.4473,31.414,0.363,10.5
30a10a52-380f-4d59-a0ff-2b3053293044,18,3.6062,3.3967,29.865,0.378,10.7
30a10a52-380f-4d59-a0ff-2b3053293044,19,3.5614,3.3644,28.915,0.3847,10.4
30a10a52-380f-4d59-a0ff-2b3053293044,20,3.5062,3.3202,27.667,0.3811,12.2
ae8a4d85-181e-474b-a7d0-28167e3372e8,1,5.665,5.3001,200.363,0.1975,13.3
ae8a4d85-181e-474b-a7d0-28167e3372e8,2,5.1871,5.0319,153.223,0.2275,11.7
ae8a4d85-181e-474b-a7d0-28167e3372e8,3,4.9862,4.8434,126.896,0.2496,11.0
ae8a4d85-181e-474b-a7d0-28167e3372e8,4,4.8242,4.6903,108.883,0.2587,10.7
ae8a4d85-181e-474b-a7d0-28167e3372e8,5,4.6706,4.5084,90.776,0.2709,10.9
ae8a4d85-181e-474b-a7d0-28167e3372e8,6,4.5472,4.3613,78.359,0.2966,10.9
ae8a4d85-181e-474b-a7d0-28167e3372e8,7,4.4227,4.2516,70.216,0.3029,10.7
ae8a4d85-181e-474b-a7d0-28167e3372e8,8,4.3274,4.1606,64.108,0.3053,10.8
ae8a4d85-181e-474b-a7d0-28167e3372e8,9,4.243,4.0593,57.934,0.3144,10.4
ae8a4d85-181e-474b-a7d0-28167e3372e8,10,4.1496,3.9802,53.529,0.3258,10.4
ae8a4d85-181e-474b-a7d0-28167e3372e8,11,4.0949,3.9273,50.769,0.3254,10.3
ae8a4d85-181e-474b-a7d0-28167e3372e8,12,4.0206,3.8612,47.523,0.3333,10.3
ae8a4d85-181e-474b-a7d0-28167e3372e8,13,3.9914,3.8132,45.296,0.3345,10.3
ae8a4d85-181e-474b-a7d0-28167e3372e8,14,3.9291,3.7743,43.569,0.3452,10.3
ae8a4d85-181e-474b-a7d0-28167e3372e8,15,3.8968,3.7466,42.376,0.3432,10.4
ae8a4d85-181e-474b-a7d0-28167e3372e8,16,3.871,3.7166,41.125,0.3456,10.6
ae8a4d85-181e-474b-a7d0-28167e3372e8,17,3.8445,3.7072,40.741,0.3464,10.7
ae8a4d85-181e-474b-a7d0-28167e3372e8,18,3.8551,3.6979,40.361,0.3483,10.6
ae8a4d85-181e-474b-a7d0-28167e3372e8,19,3.847,3.6954,40.26,0.3495,10.7
ae8a4d85-181e-474b-a7d0-28167e3372e8,20,3.8355,3.693,40.167,0.3495,11.2
dfae7e0e-9750-4288-8db3-4c9c0f890361,1,5.7094,5.3272,205.851,0.184,14.1
dfae7e0e-9750-4288-8db3-4c9c0f890361,2,5.2703,5.1383,170.422,0.2093,11.0
dfae7e0e-9750-4288-8db3-4c9c0f890361,3,5.0748,4.9562,142.059,0.235,11.0
dfae7e0e-9750-4288-8db3-4c9c0f890361,4,4.9576,4.842,126.722,0.2409,10.4
dfae7e0e-9750-4288-8db3-4c9c0f890361,5,4.8264,4.6807,107.846,0.2539,10.4
dfae7e0e-9750-4288-8db3-4c9c0f890361,6,4.7011,4.5501,94.642,0.2717,10.4
dfae7e0e-9750-4288-8db3-4c9c0f890361,7,4.6195,4.4368,84.506,0.2796,10.5
dfae7e0e-9750-4288-8db3-4c9c0f890361,8,4.5103,4.3355,76.362,0.2903,10.4
dfae7e0e-9750-4288-8db3-4c9c0f890361,9,4.4103,4.2445,69.718,0.3009,10.3
dfae7e0e-9750-4288-8db3-4c9c0f890361,10,4.3523,4.1397,62.786,0.3061,13.2
dfae7e0e-9750-4288-8db3-4c9c0f890361,11,4.2609,4.0453,57.128,0.3128,11.2
dfae7e0e-9750-4288-8db3-4c9c0f890361,12,4.1896,3.9896,54.033,0.3183,11.3
dfae7e0e-9750-4288-8db3-4c9c0f890361,13,4.133,3.9277,50.79,0.3132,11.6
dfae7e0e-9750-4288-8db3-4c9c0f890361,14,4.0609,3.8498,46.983,0.3325,10.7
dfae7e0e-9750-4288-8db3-4c9c0f890361,15,4.0127,3.7924,44.363,0.3397,10.6
dfae7e0e-9750-4288-8db3-4c9c0f890361,16,3.943,3.7217,41.335,0.3468,10.7
dfae7e0e-9750-4288-8db3-4c9c0f890361,17,3.9143,3.6621,38.945,0.3487,10.8
dfae7e0e-9750-4288-8db3-4c9c0f890361,18,3.858,3.6275,37.618,0.3555,10.7
dfae7e0e-9750-4288-8db3-4c9c0f890361,19,3.8088,3.5677,35.434,0.3503,10.8
dfae7e0e-9750-4288-8db3-4c9c0f890361,20,3.7738,3.5346,34.28,0.361,10.4
4572d031-a1b8-4160-b27d-bd2dce508940,1,5.7198,5.331,206.649,0.19,10.4
4572d031-a1b8-4160-b27d-bd2dce508940,2,5.273,5.1411,170.902,0.2145,10.6
4572d031-a1b8-4160-b27d-bd2dce508940,3,5.0928,4.9536,141.681,0.2306,10.4
4572d031-a1b8-4160-b27d-bd2dce508940,4,4.9408,4.8068,122.339,0.2461,10.4
4572d031-a1b8-4160-b27d-bd2dce508940,5,4.8289,4.6975,109.668,0.2615,10.3
4572d031-a1b8-4160-b27d-bd2dce508940,6,4.7254,4.5594,95.526,0.2678,10.3
4572d031-a1b8-4160-b27d-bd2dce508940,7,4.603,4.4411,84.868,0.2832,10.3
4572d031-a1b8-4160-b27d-bd2dce508940,8,4.5271,4.3536,77.757,0.2899,10.3
4572d031-a1b8-4160-b27d-bd2dce508940,9,4.4434,4.2631,71.03,0.2899,10.5
4572d031-a1b8-4160-b27d-bd2dce508940,10,4.3602,4.1919,66.148,0.3017,10.3
4572d031-a1b8-4160-b27d-bd2dce508940,11,4.304,4.121,61.621,0.312,10.3
4572d031-a1b8-4160-b27d-bd2dce508940,12,4.2361,4.0654,58.286,0.31,10.3
4572d031-a1b8-4160-b27d-bd2dce508940,13,4.1933,4.0174,55.557,0.3144,10.3
4572d031-a1b8-4160-b27d-bd2dce508940,14,4.165,3.9889,53.997,0.3171,10.4
4572d031-a1b8-4160-b27d-bd2dce508940,15,4.141,3.9539,52.137,0.3136,11.0
4572d031-a1b8-4160-b27d-bd2dce508940,16,4.1285,3.9381,51.322,0.3179,10.9
4572d031-a1b8-4160-b27d-bd2dce508940,17,4.1035,3.9254,50.672,0.3191,10.3
4572d031-a1b8-4160-b27d-bd2dce508940,18,4.0961,3.9152,50.158,0.3199,10.3
4572d031-a1b8-4160-b27d-bd2dce508940,19,4.1011,3.9112,49.96,0.3171,10.3
4572d031-a1b8-4160-b27d-bd2dce508940,20,4.0876,3.9102,49.908,0.3171,10.4
a2258bbb-9fe2-4235-992f-6f4f33ed0c27,1,5.5917,5.2313,187.028,0.2054,6.9
a2258bbb-9fe2-4235-992f-6f4f33ed0c27,2,5.0911,4.929,138.237,0.2417,6.9
a2258bbb-9fe2-4235-992f-6f4f33ed0c27,3,4.8506,4.7258,112.82,0.2599,6.9
a2258bbb-9fe2-4235-992f-6f4f33ed0c27,4,4.6784,4.5299,92.749,0.2859,6.9
a2258bbb-9fe2-4235-992f-6f4f33ed0c27,5,4.487,4.3571,78.034,0.3006,6.9
a2258bbb-9fe2-4235-992f-6f4f33ed0c27,6,4.3323,4.1939,66.282,0.3152,6.9
a2258bbb-9fe2-4235-992f-6f4f33ed0c27,7,4.2017,4.0103,55.165,0.3314,6.9
a2258bbb-9fe2-4235-992f-6f4f33ed0c27,8,4.0632,3.9205,50.427,0.3381,6.9
a2258bbb-9fe2-4235-992f-6f4f33ed0c27,9,3.9429,3.7898,44.247,0.3479,6.9
a2258bbb-9fe2-4235-992f-6f4f33ed0c27,10,3.8507,3.679,39.606,0.3566,6.9
a2258bbb-9fe2-4235-992f-6f4f33ed0c27,11,3.7616,3.6068,36.849,0.3673,6.9
a2258bbb-9fe2-4235-992f-6f4f33ed0c27,12,3.6966,3.5252,33.96,0.3732,7.0
a2258bbb-9fe2-4235-992f-6f4f33ed0c27,13,3.6187,3.4365,31.078,0.3807,9.3
a2258bbb-9fe2-4235-992f-6f4f33ed0c27,14,3.5792,3.3939,29.782,0.3851,6.9
a2258bbb-9fe2-4235-992f-6f4f33ed0c27,15,3.5209,3.343,28.303,0.3772,7.2
a2258bbb-9fe2-4235-992f-6f4f33ed0c27,16,3.4587,3.2997,27.105,0.3882,7.0
a2258bbb-9fe2-4235-992f-6f4f33ed0c27,17,3.4129,3.2553,25.927,0.4005,7.1
a2258bbb-9fe2-4235-992f-6f4f33ed0c27,18,3.3628,3.2181,24.981,0.4036,7.3
a2258bbb-9fe2-4235-992f-6f4f33ed0c27,19,3.3313,3.161,23.595,0.4107,6.9
a2258bbb-9fe2-4235-992f-6f4f33ed0c27,20,3.288,3.1511,23.362,0.4064,7.1
ef97f98a-fcac-4599-94ec-a816a0668e83,1,5.5793,5.2015,181.548,0.2113,7.5
ef97f98a-fcac-4599-94ec-a816a0668e83,2,5.0649,4.9146,136.263,0.2425,7.0
ef97f98a-fcac-4599-94ec-a816a0668e83,3,4.8352,4.701,110.061,0.2603,7.9
ef97f98a-fcac-4599-94ec-a816a0668e83,4,4.6414,4.5067,90.626,0.2796,7.5
ef97f98a-fcac-4599-94ec-a816a0668e83,5,4.4986,4.3574,78.053,0.2903,6.9
ef97f98a-fcac-4599-94ec-a816a0668e83,6,4.3568,4.2395,69.373,0.3104,6.9
ef97f98a-fcac-4599-94ec-a816a0668e83,7,4.2426,4.1364,62.578,0.3175,7.4
ef97f98a-fcac-4599-94ec-a816a0668e83,8,4.1592,4.0328,56.417,0.3274,7.0
ef97f98a-fcac-4599-94ec-a816a0668e83,9,4.0795,3.9493,51.901,0.3357,6.9
ef97f98a-fcac-4599-94ec-a816a0668e83,10,4.0005,3.9067,49.735,0.344,6.9
ef97f98a-fcac-4599-94ec-a816a0668e83,11,3.9413,3.8229,45.738,0.3456,7.0
ef97f98a-fcac-4599-94ec-a816a0668e83,12,3.8787,3.7728,43.5,0.3543,6.9
ef97f98a-fcac-4599-94ec-a816a0668e83,13,3.8281,3.739,42.057,0.3558,6.9
ef97f98a-fcac-4599-94ec-a816a0668e83,14,3.7921,3.7017,40.516,0.3574,6.9
ef97f98a-fcac-4599-94ec-a816a0668e83,15,3.7518,3.6825,39.745,0.3527,6.9
ef97f98a-fcac-4599-94ec-a816a0668e83,16,3.7388,3.6595,38.842,0.361,6.9
ef97f98a-fcac-4599-94ec-a816a0668e83,17,3.7405,3.6508,38.505,0.3578,6.9
ef97f98a-fcac-4599-94ec-a816a0668e83,18,3.7057,3.6406,38.116,0.3614,6.9
ef97f98a-fcac-4599-94ec-a816a0668e83,19,3.7072,3.6333,37.836,0.3594,6.9
ef97f98a-fcac-4599-94ec-a816a0668e83,20,3.7082,3.6317,37.776,0.3598,6.9
1b66532d-4ccc-4fde-9d5d-bac7a6635215,1,5.6227,5.2444,189.511,0.205,13.9
1b66532d-4ccc-4fde-9d5d-bac7a6635215,2,5.0993,4.9669,143.581,0.2362,13.9
1b66532d-4ccc-4fde-9d5d-bac7a6635215,3,4.8736,4.7546,116.112,0.2464,14.1
1b66532d-4ccc-4fde-9d5d-bac7a6635215,4,4.675,4.5291,92.675,0.2709,14.9
1b66532d-4ccc-4fde-9d5d-bac7a6635215,5,4.5009,4.3688,78.948,0.2852,13.9
1b66532d-4ccc-4fde-9d5d-bac7a6635215,6,4.3066,4.1885,65.923,0.2994,13.8
1b66532d-4ccc-4fde-9d5d-bac7a6635215,7,4.1737,4.0108,55.194,0.325,13.9
1b66532d-4ccc-4fde-9d5d-bac7a6635215,8,4.0432,3.8842,48.627,0.3365,13.9
1b66532d-4ccc-4fde-9d5d-bac7a6635215,9,3.9103,3.7883,44.183,0.3424,13.9
1b66532d-4ccc-4fde-9d5d-bac7a6635215,10,3.8087,3.6791,39.61,0.3444,13.9
1b66532d-4ccc-4fde-9d5d-bac7a6635215,11,3.7413,3.6001,36.602,0.3622,13.9
1b66532d-4ccc-4fde-9d5d-bac7a6635215,12,3.6428,3.4868,32.68,0.3649,13.9
1b66532d-4ccc-4fde-9d5d-bac7a6635215,13,3.5764,3.418,30.508,0.378,13.9
1b66532d-4ccc-4fde-9d5d-bac7a6635215,14,3.5224,3.3529,28.585,0.3827,14.6
1b66532d-4ccc-4fde-9d5d-bac7a6635215,15,3.455,3.284,26.682,0.3882,13.9
1b66532d-4ccc-4fde-9d5d-bac7a6635215,16,3.4011,3.2481,25.742,0.3874,13.9
1b66532d-4ccc-4fde-9d5d-bac7a6635215,17,3.3511,3.195,24.411,0.3945,14.0
1b66532d-4ccc-4fde-9d5d-bac7a6635215,18,3.3173,3.1643,23.672,0.4021,13.9
1b66532d-4ccc-4fde-9d5d-bac7a6635215,19,3.2539,3.1202,22.651,0.3997,13.9
1b66532d-4ccc-4fde-9d5d-bac7a6635215,20,3.2223,3.0948,22.082,0.4107,13.9
f8b009ae-91f3-4d74-89aa-6be897fd8a92,1,5.5931,5.2083,182.791,0.207,13.9
f8b009ae-91f3-4d74-89aa-6be897fd8a92,2,5.0847,4.9071,135.243,0.2417,13.9
f8b009ae-91f3-4d74-89aa-6be897fd8a92,3,4.8214,4.6584,105.465,0.2646,14.1
f8b009ae-91f3-4d74-89aa-6be897fd8a92,4,4.6391,4.4699,87.348,0.2773,14.9
f8b009ae-91f3-4d74-89aa-6be897fd8a92,5,4.4435,4.3086,74.334,0.297,14.0
f8b009ae-91f3-4d74-89aa-6be897fd8a92,6,4.3121,4.1574,63.905,0.3081,14.1
f8b009ae-91f3-4d74-89aa-6be897fd8a92,7,4.153,4.0182,55.6,0.3211,13.9
f8b009ae-91f3-4d74-89aa-6be897fd8a92,8,4.0731,3.908,49.797,0.3302,13.9
f8b009ae-91f3-4d74-89aa-6be897fd8a92,9,3.9549,3.8156,45.405,0.3389,14.0
f8b009ae-91f3-4d74-89aa-6be897fd8a92,10,3.85,3.7307,41.708,0.3507,13.9
f8b009ae-91f3-4d74-89aa-6be897fd8a92,11,3.797,3.6817,39.714,0.3523,13.9
f8b009ae-91f3-4d74-89aa-6be897fd8a92,12,3.7167,3.6143,37.126,0.359,13.9
f8b009ae-91f3-4d74-89aa-6be897fd8a92,13,3.6774,3.5507,34.837,0.3645,14.1
f8b009ae-91f3-4d74-89aa-6be897fd8a92,14,3.6304,3.5146,33.603,0.3657,15.4
f8b009ae-91f3-4d74-89aa-6be897fd8a92,15,3.5913,3.4813,32.502,0.3716,14.2
f8b009ae-91f3-4d74-89aa-6be897fd8a92,16,3.5622,3.4595,31.801,0.3752,13.8
f8b009ae-91f3-4d74-89aa-6be897fd8a92,17,3.5493,3.4387,31.146,0.3736,13.7
f8b009ae-91f3-4d74-89aa-6be897fd8a92,18,3.521,3.4291,30.85,0.3724,13.7
f8b009ae-91f3-4d74-89aa-6be897fd8a92,19,3.5053,3.4239,30.69,0.3784,13.7
f8b009ae-91f3-4d74-89aa-6be897fd8a92,20,3.5213,3.422,30.631,0.3776,13.7
139f956b-3610-4bdd-942b-d7b3fb3fe4e6,1,5.5913,5.1976,180.84,0.216,10.6
139f956b-3610-4bdd-942b-d7b3fb3fe4e6,2,5.0742,4.8901,132.968,0.2409,9.8
139f956b-3610-4bdd-942b-d7b3fb3fe4e6,3,4.8151,4.6671,106.385,0.2595,9.9
139f956b-3610-4bdd-942b-d7b3fb3fe4e6,4,4.6177,4.4447,85.171,0.2883,9.5
139f956b-3610-4bdd-942b-d7b3fb3fe4e6,5,4.4359,4.2844,72.557,0.2978,9.4
139f956b-3610-4bdd-942b-d7b3fb3fe4e6,6,4.2788,4.1114,61.034,0.3171,9.3
139f956b-3610-4bdd-942b-d7b3fb3fe4e6,7,4.1326,4.0036,54.795,0.3171,9.3
139f956b-3610-4bdd-942b-d7b3fb3fe4e6,8,4.0255,3.8789,48.37,0.3278,9.3
139f956b-3610-4bdd-942b-d7b3fb3fe4e6,9,3.9298,3.7793,43.785,0.3397,9.3
139f956b-3610-4bdd-942b-d7b3fb3fe4e6,10,3.8194,3.6864,39.9,0.3476,9.3
139f956b-3610-4bdd-942b-d7b3fb3fe4e6,11,3.7601,3.5941,36.384,0.3641,10.8
139f956b-3610-4bdd-942b-d7b3fb3fe4e6,12,3.6506,3.506,33.314,0.3724,9.7
139f956b-3610-4bdd-942b-d7b3fb3fe4e6,13,3.5842,3.4332,30.974,0.3744,9.6
139f956b-3610-4bdd-942b-d7b3fb3fe4e6,14,3.5142,3.3661,28.965,0.3764,9.6
139f956b-3610-4bdd-942b-d7b3fb3fe4e6,15,3.4693,3.3097,27.376,0.3898,9.3
139f956b-3610-4bdd-942b-d7b3fb3fe4e6,16,3.4221,3.2814,26.613,0.3906,9.2
139f956b-3610-4bdd-942b-d7b3fb3fe4e6,17,3.3538,3.2131,24.857,0.3969,9.3
139f956b-3610-4bdd-942b-d7b3fb3fe4e6,18,3.3125,3.1713,23.837,0.4072,9.3
139f956b-3610-4bdd-942b-d7b3fb3fe4e6,19,3.2793,3.1618,23.612,0.4103,9.3
139f956b-3610-4bdd-942b-d7b3fb3fe4e6,20,3.2232,3.1175,22.589,0.4032,9.3
4c24d3ba-56f5-47f3-8d72-220233635d50,1,5.5729,5.1962,180.58,0.2066,9.3
4c24d3ba-56f5-47f3-8d72-220233635d50,2,5.0578,4.8956,133.699,0.2401,9.3
4c24d3ba-56f5-47f3-8d72-220233635d50,3,4.8357,4.6499,104.574,0.2658,9.4
4c24d3ba-56f5-47f3-8d72-220233635d50,4,4.6185,4.4648,86.903,0.2844,10.6
4c24d3ba-56f5-47f3-8d72-220233635d50,5,4.445,4.2858,72.664,0.2998,9.6
4c24d3ba-56f5-47f3-8d72-220233635d50,6,4.2781,4.1363,62.571,0.3156,9.6
4c24d3ba-56f5-47f3-8d72-220233635d50,7,4.1425,4.0047,54.855,0.3286,9.3
4c24d3ba-56f5-47f3-8d72-220233635d50,8,4.023,3.875,48.185,0.3404,9.2
4c24d3ba-56f5-47f3-8d72-220233635d50,9,3.9167,3.7967,44.556,0.3452,9.3
4c24d3ba-56f5-47f3-8d72-220233635d50,10,3.843,3.7089,40.807,0.3558,9.3
4c24d3ba-56f5-47f3-8d72-220233635d50,11,3.7633,3.6505,38.496,0.3633,9.3
4c24d3ba-56f5-47f3-8d72-220233635d50,12,3.7068,3.5973,36.498,0.361,9.3
4c24d3ba-56f5-47f3-8d72-220233635d50,13,3.6485,3.5318,34.186,0.3736,9.3
4c24d3ba-56f5-47f3-8d72-220233635d50,14,3.6088,3.4952,32.956,0.3776,10.5
4c24d3ba-56f5-47f3-8d72-220233635d50,15,3.5718,3.4631,31.915,0.3791,10.1
4c24d3ba-56f5-47f3-8d72-220233635d50,16,3.5293,3.4408,31.211,0.3756,9.7
4c24d3ba-56f5-47f3-8d72-220233635d50,17,3.5378,3.4252,30.727,0.3799,9.6
4c24d3ba-56f5-47f3-8d72-220233635d50,18,3.5183,3.4136,30.373,0.3823,9.3
4c24d3ba-56f5-47f3-8d72-220233635d50,19,3.507,3.4099,30.263,0.3847,9.3
4c24d3ba-56f5-47f3-8d72-220233635d50,20,3.4973,3.4083,30.214,0.3835,9.3
388f8a54-5c32-4557-b763-45d021296950,1,5.5722,5.2012,181.493,0.2145,14.2
388f8a54-5c32-4557-b763-45d021296950,2,5.0378,4.8791,131.512,0.2437,13.9
388f8a54-5c32-4557-b763-45d021296950,3,4.7754,4.6567,105.291,0.2642,13.6
388f8a54-5c32-4557-b763-45d021296950,4,4.6217,4.4886,89.001,0.2883,13.3
388f8a54-5c32-4557-b763-45d021296950,5,4.4513,4.3146,74.783,0.2986,13.3
388f8a54-5c32-4557-b763-45d021296950,6,4.2898,4.1653,64.411,0.312,13.3
388f8a54-5c32-4557-b763-45d021296950,7,4.1977,4.0575,57.829,0.3203,13.3
388f8a54-5c32-4557-b763-45d021296950,8,4.0739,3.9436,51.606,0.329,14.3
388f8a54-5c32-4557-b763-45d021296950,9,3.9443,3.8558,47.269,0.3361,13.7
388f8a54-5c32-4557-b763-45d021296950,10,3.8873,3.7313,41.732,0.3499,13.8
388f8a54-5c32-4557-b763-45d021296950,11,3.8357,3.6427,38.194,0.3606,13.3
388f8a54-5c32-4557-b763-45d021296950,12,3.7263,3.6082,36.898,0.361,13.3
388f8a54-5c32-4557-b763-45d021296950,13,3.6612,3.5132,33.555,0.3724,13.3
388f8a54-5c32-4557-b763-45d021296950,14,3.595,3.4385,31.141,0.3736,13.3
388f8a54-5c32-4557-b763-45d021296950,15,3.5298,3.3912,29.701,0.3791,13.5
388f8a54-5c32-4557-b763-45d021296950,16,3.4824,3.33,27.939,0.3855,14.2
388f8a54-5c32-4557-b763-45d021296950,17,3.4286,3.2778,26.518,0.3902,13.8
388f8a54-5c32-4557-b763-45d021296950,18,3.3606,3.2416,25.574,0.3981,13.5
388f8a54-5c32-4557-b763-45d021296950,19,3.3381,3.1969,24.456,0.4021,13.4
388f8a54-5c32-4557-b763-45d021296950,20,3.3056,3.1579,23.521,0.406,13.3
faab5c4e-f0c6-416f-a484-2d4ca26787b4,1,5.6093,5.208,182.728,0.2026,14.5
faab5c4e-f0c6-416f-a484-2d4ca26787b4,2,5.0857,4.9101,135.649,0.2393,13.8
faab5c4e-f0c6-416f-a484-2d4ca26787b4,3,4.8648,4.7133,111.422,0.263,13.5
faab5c4e-f0c6-416f-a484-2d4ca26787b4,4,4.6226,4.5253,92.327,0.2796,13.3
faab5c4e-f0c6-416f-a484-2d4ca26787b4,5,4.4784,4.3288,75.854,0.3013,13.3
faab5c4e-f0c6-416f-a484-2d4ca26787b4,6,4.337,4.1654,64.418,0.3104,13.3
faab5c4e-f0c6-416f-a484-2d4ca26787b4,7,4.2029,4.0344,56.511,0.3179,13.3
faab5c4e-f0c6-416f-a484-2d4ca26787b4,8,4.0781,3.9273,50.768,0.3345,14.6
faab5c4e-f0c6-416f-a484-2d4ca26787b4,9,3.9801,3.8389,46.473,0.3448,13.6
faab5c4e-f0c6-416f-a484-2d4ca26787b4,10,3.9061,3.7766,43.667,0.3511,13.7
faab5c4e-f0c6-416f-a484-2d4ca26787b4,11,3.8356,3.7041,40.613,0.3495,13.2
faab5c4e-f0c6-416f-a484-2d4ca26787b4,12,3.771,3.6327,37.814,0.3641,13.3
faab5c4e-f0c6-416f-a484-2d4ca26787b4,13,3.7204,3.5887,36.185,0.3665,13.3
faab5c4e-f0c6-416f-a484-2d4ca26787b4,14,3.6775,3.5638,35.295,0.3697,14.4
faab5c4e-f0c6-416f-a484-2d4ca26787b4,15,3.6483,3.523,33.885,0.3665,13.8
faab5c4e-f0c6-416f-a484-2d4ca26787b4,16,3.6336,3.5047,33.27,0.3681,13.4
faab5c4e-f0c6-416f-a484-2d4ca26787b4,17,3.5963,3.4869,32.685,0.3693,13.2
faab5c4e-f0c6-416f-a484-2d4ca26787b4,18,3.5941,3.4805,32.475,0.3732,13.2
faab5c4e-f0c6-416f-a484-2d4ca26787b4,19,3.5645,3.4759,32.327,0.3744,13.3
faab5c4e-f0c6-416f-a484-2d4ca26787b4,20,3.5655,3.4736,32.254,0.3744,13.3
e68b2122-66dd-4c2a-9d2e-63235824f5c1,1,5.6139,5.2102,183.136,0.2085,10.7
e68b2122-66dd-4c2a-9d2e-63235824f5c1,2,5.0748,4.8935,133.424,0.2425,10.1
e68b2122-66dd-4c2a-9d2e-63235824f5c1,3,4.822,4.6584,105.464,0.2638,10.2
e68b2122-66dd-4c2a-9d2e-63235824f5c1,4,4.6218,4.4789,88.133,0.282,10.0
e68b2122-66dd-4c2a-9d2e-63235824f5c1,5,4.4465,4.3574,78.057,0.2911,9.9
e68b2122-66dd-4c2a-9d2e-63235824f5c1,6,4.3188,4.1894,65.985,0.2982,9.9
e68b2122-66dd-4c2a-9d2e-63235824f5c1,7,4.191,4.0768,58.956,0.3167,9.8
e68b2122-66dd-4c2a-9d2e-63235824f5c1,8,4.0603,3.9475,51.807,0.3231,9.8
e68b2122-66dd-4c2a-9d2e-63235824f5c1,9,3.9644,3.8354,46.311,0.3349,9.8
e68b2122-66dd-4c2a-9d2e-63235824f5c1,10,3.8489,3.7492,42.487,0.3424,11.1
e68b2122-66dd-4c2a-9d2e-63235824f5c1,11,3.7957,3.6293,37.687,0.3535,10.3
e68b2122-66dd-4c2a-9d2e-63235824f5c1,12,3.696,3.563,35.269,0.3669,10.1
e68b2122-66dd-4c2a-9d2e-63235824f5c1,13,3.6202,3.4776,32.383,0.3689,9.9
e68b2122-66dd-4c2a-9d2e-63235824f5c1,14,3.564,3.4044,30.097,0.3748,9.8
e68b2122-66dd-4c2a-9d2e-63235824f5c1,15,3.5106,3.3538,28.611,0.3874,9.7
e68b2122-66dd-4c2a-9d2e-63235824f5c1,16,3.462,3.2954,26.988,0.3894,9.8
e68b2122-66dd-4c2a-9d2e-63235824f5c1,17,3.4147,3.2266,25.194,0.4005,9.8
e68b2122-66dd-4c2a-9d2e-63235824f5c1,18,3.3518,3.2036,24.622,0.404,9.8
e68b2122-66dd-4c2a-9d2e-63235824f5c1,19,3.3053,3.1536,23.421,0.404,9.8
e68b2122-66dd-4c2a-9d2e-63235824f5c1,20,3.2747,3.1051,22.312,0.4096,11.0
c5ef348f-413b-4efd-8f96-74d1fcaecdc1,1,5.5781,5.2364,187.99,0.2066,10.3
c5ef348f-413b-4efd-8f96-74d1fcaecdc1,2,5.0694,4.945,140.467,0.2417,10.1
c5ef348f-413b-4efd-8f96-74d1fcaecdc1,3,4.8338,4.7192,112.079,0.2666,9.8
c5ef348f-413b-4efd-8f96-74d1fcaecdc1,4,4.6308,4.5283,92.597,0.2824,9.8
c5ef348f-413b-4efd-8f96-74d1fcaecdc1,5,4.4726,4.3624,78.444,0.2966,9.7
c5ef348f-413b-4efd-8f96-74d1fcaecdc1,6,4.3552,4.2199,68.028,0.3077,9.8
c5ef348f-413b-4efd-8f96-74d1fcaecdc1,7,4.1939,4.1051,60.652,0.3215,9.8
c5ef348f-413b-4efd-8f96-74d1fcaecdc1,8,4.1075,3.9918,54.151,0.3302,9.8
c5ef348f-413b-4efd-8f96-74d1fcaecdc1,9,3.9786,3.8839,48.611,0.3353,10.7
c5ef348f-413b-4efd-8f96-74d1fcaecdc1,10,3.9027,3.8196,45.584,0.3476,12.1
c5ef348f-413b-4efd-8f96-74d1fcaecdc1,11,3.8509,3.7495,42.498,0.3507,10.2
c5ef348f-413b-4efd-8f96-74d1fcaecdc1,12,3.794,3.6894,40.023,0.3487,11.3
c5ef348f-413b-4efd-8f96-74d1fcaecdc1,13,3.7389,3.6635,38.997,0.3555,10.4
c5ef348f-413b-4efd-8f96-74d1fcaecdc1,14,3.7158,3.6139,37.112,0.3598,10.1
c5ef348f-413b-4efd-8f96-74d1fcaecdc1,15,3.6726,3.5748,35.687,0.3633,10.6
c5ef348f-413b-4efd-8f96-74d1fcaecdc1,16,3.6487,3.5549,34.983,0.3701,10.8
c5ef348f-413b-4efd-8f96-74d1fcaecdc1,17,3.6214,3.5431,34.573,0.3701,10.3
c5ef348f-413b-4efd-8f96-74d1fcaecdc1,18,3.599,3.5315,34.174,0.3701,10.1
c5ef348f-413b-4efd-8f96-74d1fcaecdc1,19,3.591,3.5265,34.004,0.3681,10.2
c5ef348f-413b-4efd-8f96-74d1fcaecdc1,20,3.5888,3.5255,33.97,0.3685,10.1
e6ee3fca-b4a0-46cf-8637-9af9309cba96,1,5.5756,5.2576,192.018,0.205,11.2
e6ee3fca-b4a0-46cf-8637-9af9309cba96,2,5.0742,4.9207,137.093,0.2453,10.9
e6ee3fca-b4a0-46cf-8637-9af9309cba96,3,4.7923,4.6892,108.762,0.2662,11.1
e6ee3fca-b4a0-46cf-8637-9af9309cba96,4,4.5813,4.434,84.271,0.2871,11.0
e6ee3fca-b4a0-46cf-8637-9af9309cba96,5,4.3878,4.2637,71.072,0.3065,11.7
e6ee3fca-b4a0-46cf-8637-9af9309cba96,6,4.218,4.0662,58.337,0.3179,11.7
e6ee3fca-b4a0-46cf-8637-9af9309cba96,7,4.079,3.9441,51.63,0.3321,13.3
e6ee3fca-b4a0-46cf-8637-9af9309cba96,8,3.9528,3.8133,45.298,0.346,11.2
e6ee3fca-b4a0-46cf-8637-9af9309cba96,9,3.8625,3.715,41.059,0.3479,10.9
e6ee3fca-b4a0-46cf-8637-9af9309cba96,10,3.7517,3.6429,38.201,0.3566,10.9
e6ee3fca-b4a0-46cf-8637-9af9309cba96,11,3.6934,3.5476,34.731,0.359,10.9
e6ee3fca-b4a0-46cf-8637-9af9309cba96,12,3.6181,3.4878,32.713,0.3622,11.0
e6ee3fca-b4a0-46cf-8637-9af9309cba96,13,3.5457,3.4093,30.244,0.3693,10.9
e6ee3fca-b4a0-46cf-8637-9af9309cba96,14,3.4699,3.3467,28.41,0.3827,10.9
e6ee3fca-b4a0-46cf-8637-9af9309cba96,15,3.4235,3.2991,27.088,0.3863,10.9
e6ee3fca-b4a0-46cf-8637-9af9309cba96,16,3.3683,3.2399,25.531,0.3989,11.0
e6ee3fca-b4a0-46cf-8637-9af9309cba96,17,3.3277,3.2157,24.921,0.3973,11.1
e6ee3fca-b4a0-46cf-8637-9af9309cba96,18,3.2864,3.1396,23.096,0.4119,11.0
e6ee3fca-b4a0-46cf-8637-9af9309cba96,19,3.2631,3.1073,22.361,0.4163,11.2
e6ee3fca-b4a0-46cf-8637-9af9309cba96,20,3.1993,3.0812,21.785,0.4155,11.3
3c3f9de4-1d33-4e2d-ae8f-65a4b15da2bf,1,5.5851,5.2065,182.463,0.2054,11.2
3c3f9de4-1d33-4e2d-ae8f-65a4b15da2bf,2,5.0405,4.9544,141.797,0.235,11.6
3c3f9de4-1d33-4e2d-ae8f-65a4b15da2bf,3,4.8101,4.6655,106.216,0.2701,11.2
3c3f9de4-1d33-4e2d-ae8f-65a4b15da2bf,4,4.5993,4.4815,88.367,0.2859,11.2
3c3f9de4-1d33-4e2d-ae8f-65a4b15da2bf,5,4.4298,4.2777,72.071,0.2938,11.5
3c3f9de4-1d33-4e2d-ae8f-65a4b15da2bf,6,4.2702,4.1201,61.563,0.31,11.5
3c3f9de4-1d33-4e2d-ae8f-65a4b15da2bf,7,4.1095,3.989,53.999,0.3349,11.1
3c3f9de4-1d33-4e2d-ae8f-65a4b15da2bf,8,4.0093,3.891,48.959,0.3314,11.0
3c3f9de4-1d33-4e2d-ae8f-65a4b15da2bf,9,3.9351,3.8025,44.811,0.34,10.9
3c3f9de4-1d33-4e2d-ae8f-65a4b15da2bf,10,3.8255,3.7294,41.656,0.3527,11.2
3c3f9de4-1d33-4e2d-ae8f-65a4b15da2bf,11,3.764,3.6583,38.794,0.3555,11.5
3c3f9de4-1d33-4e2d-ae8f-65a4b15da2bf,12,3.6866,3.5957,36.44,0.3598,11.0
3c3f9de4-1d33-4e2d-ae8f-65a4b15da2bf,13,3.6436,3.5628,35.26,0.363,10.9
3c3f9de4-1d33-4e2d-ae8f-65a4b15da2bf,14,3.6157,3.5115,33.498,0.3756,11.2
3c3f9de4-1d33-4e2d-ae8f-65a4b15da2bf,15,3.58,3.48,32.46,0.3788,11.2
3c3f9de4-1d33-4e2d-ae8f-65a4b15da2bf,16,3.5514,3.4474,31.419,0.3784,10.9
3c3f9de4-1d33-4e2d-ae8f-65a4b15da2bf,17,3.5149,3.4392,31.162,0.3799,10.8
3c3f9de4-1d33-4e2d-ae8f-65a4b15da2bf,18,3.4908,3.4229,30.659,0.3855,11.1
3c3f9de4-1d33-4e2d-ae8f-65a4b15da2bf,19,3.5158,3.4202,30.574,0.387,11.3
3c3f9de4-1d33-4e2d-ae8f-65a4b15da2bf,20,3.4868,3.4184,30.521,0.387,11.3
0ceca2fa-8294-4aac-8cd2-1501706ae68d,1,5.4737,5.0676,158.795,0.2275,122.7
0ceca2fa-8294-4aac-8cd2-1501706ae68d,2,4.8586,4.5803,97.545,0.2682,128.5
0ceca2fa-8294-4aac-8cd2-1501706ae68d,3,4.408,4.1813,65.454,0.3037,127.7
0ceca2fa-8294-4aac-8cd2-1501706ae68d,4,4.091,3.8447,46.746,0.3282,127.6
0ceca2fa-8294-4aac-8cd2-1501706ae68d,5,3.8425,3.6549,38.665,0.3361,129.4
0ceca2fa-8294-4aac-8cd2-1501706ae68d,6,3.691,3.5162,33.658,0.3495,129.4
0ceca2fa-8294-4aac-8cd2-1501706ae68d,7,3.5686,3.3984,29.918,0.3649,127.3
0ceca2fa-8294-4aac-8cd2-1501706ae68d,8,3.4661,3.3126,27.457,0.374,190.7
0ceca2fa-8294-4aac-8cd2-1501706ae68d,9,3.3762,3.2207,25.047,0.3898,209.3
0ceca2fa-8294-4aac-8cd2-1501706ae68d,10,3.2756,3.1467,23.259,0.3961,217.0
0ceca2fa-8294-4aac-8cd2-1501706ae68d,11,3.2271,3.0584,21.294,0.4048,151.9
0ceca2fa-8294-4aac-8cd2-1501706ae68d,12,3.1585,3.0096,20.279,0.4044,131.2
0ceca2fa-8294-4aac-8cd2-1501706ae68d,13,3.0932,2.9345,18.812,0.4194,131.0
0ceca2fa-8294-4aac-8cd2-1501706ae68d,14,3.0413,2.8843,17.891,0.4222,126.7
0ceca2fa-8294-4aac-8cd2-1501706ae68d,15,2.9503,2.7945,16.355,0.4427,123.8
0ceca2fa-8294-4aac-8cd2-1501706ae68d,16,2.8979,2.8042,16.513,0.4396,124.0
0ceca2fa-8294-4aac-8cd2-1501706ae68d,17,2.8677,2.7284,15.308,0.4585,123.1
0ceca2fa-8294-4aac-8cd2-1501706ae68d,18,2.8175,2.6765,14.534,0.4629,123.2
0ceca2fa-8294-4aac-8cd2-1501706ae68d,19,2.7765,2.6316,13.896,0.4731,123.1
0ceca2fa-8294-4aac-8cd2-1501706ae68d,20,2.7274,2.6319,13.9,0.4668,123.0
0ceca2fa-8294-4aac-8cd2-1501706ae68d,21,2.6837,2.5816,13.218,0.4724,122.5
0ceca2fa-8294-4aac-8cd2-1501706ae68d,22,2.638,2.5703,13.07,0.483,122.6
0ceca2fa-8294-4aac-8cd2-1501706ae68d,23,2.6211,2.5156,12.374,0.4925,122.6
0ceca2fa-8294-4aac-8cd2-1501706ae68d,24,2.5715,2.4843,11.993,0.4968,122.5
0ceca2fa-8294-4aac-8cd2-1501706ae68d,25,2.57,2.4672,11.789,0.4984,122.5
0ceca2fa-8294-4aac-8cd2-1501706ae68d,26,2.5295,2.4687,11.807,0.4921,122.5
0ceca2fa-8294-4aac-8cd2-1501706ae68d,27,2.4812,2.4252,11.304,0.5036,122.5
0ceca2fa-8294-4aac-8cd2-1501706ae68d,28,2.4759,2.404,11.068,0.4988,122.5
0ceca2fa-8294-4aac-8cd2-1501706ae68d,29,2.419,2.3827,10.834,0.5039,122.5
0ceca2fa-8294-4aac-8cd2-1501706ae68d,30,2.4152,2.3499,10.485,0.515,122.5
0ceca2fa-8294-4aac-8cd2-1501706ae68d,31,2.3759,2.3494,10.479,0.5055,122.5
0ceca2fa-8294-4aac-8cd2-1501706ae68d,32,2.3577,2.312,10.094,0.5245,122.4
0ceca2fa-8294-4aac-8cd2-1501706ae68d,33,2.3226,2.2742,9.72,0.528,122.6
0ceca2fa-8294-4aac-8cd2-1501706ae68d,34,2.3056,2.2745,9.723,0.5237,122.5
0ceca2fa-8294-4aac-8cd2-1501706ae68d,35,2.2877,2.2786,9.763,0.5249,122.5
0ceca2fa-8294-4aac-8cd2-1501706ae68d,36,2.251,2.2579,9.563,0.5348,122.5
0ceca2fa-8294-4aac-8cd2-1501706ae68d,37,2.2397,2.246,9.45,0.5332,122.5
0ceca2fa-8294-4aac-8cd2-1501706ae68d,38,2.2,2.2296,9.296,0.5355,122.6
0ceca2fa-8294-4aac-8cd2-1501706ae68d,39,2.208,2.2267,9.269,0.5363,122.6
0ceca2fa-8294-4aac-8cd2-1501706ae68d,40,2.1873,2.1859,8.898,0.5411,122.6
0ceca2fa-8294-4aac-8cd2-1501706ae68d,41,2.1528,2.202,9.043,0.5292,122.6
0ceca2fa-8294-4aac-8cd2-1501706ae68d,42,2.1641,2.1863,8.902,0.5415,122.6
0ceca2fa-8294-4aac-8cd2-1501706ae68d,43,2.1317,2.1819,8.863,0.5434,123.0
0ceca2fa-8294-4aac-8cd2-1501706ae68d,44,2.1006,2.1494,8.579,0.549,122.7
0ceca2fa-8294-4aac-8cd2-1501706ae68d,45,2.0913,2.1489,8.575,0.5462,122.6
0ceca2fa-8294-4aac-8cd2-1501706ae68d,46,2.0862,2.1389,8.49,0.5474,122.6
0ceca2fa-8294-4aac-8cd2-1501706ae68d,47,2.0572,2.1511,8.594,0.5438,122.6
0ceca2fa-8294-4aac-8cd2-1501706ae68d,48,2.0458,2.1358,8.464,0.5502,122.7
0ceca2fa-8294-4aac-8cd2-1501706ae68d,49,2.0388,2.1203,8.334,0.5486,122.7
0ceca2fa-8294-4aac-8cd2-1501706ae68d,50,2.0082,2.0753,7.967,0.5588,122.7
8a242631-296c-4f91-8b41-41450881ca95,1,5.4935,5.176,176.971,0.2109,123.3
8a242631-296c-4f91-8b41-41450881ca95,2,5.0097,4.8025,121.818,0.2425,124.6
8a242631-296c-4f91-8b41-41450881ca95,3,4.6679,4.4737,87.684,0.265,125.8
8a242631-296c-4f91-8b41-41450881ca95,4,4.373,4.1805,65.398,0.2958,126.1
8a242631-296c-4f91-8b41-41450881ca95,5,4.1145,3.9101,49.903,0.3136,126.0
8a242631-296c-4f91-8b41-41450881ca95,6,3.9293,3.7239,41.426,0.331,125.5
8a242631-296c-4f91-8b41-41450881ca95,7,3.781,3.5587,35.118,0.3468,124.8
8a242631-296c-4f91-8b41-41450881ca95,8,3.6412,3.432,30.938,0.3633,124.4
8a242631-296c-4f91-8b41-41450881ca95,9,3.5175,3.3363,28.116,0.376,123.7
8a242631-296c-4f91-8b41-41450881ca95,10,3.4154,3.2767,26.487,0.3807,123.2
8a242631-296c-4f91-8b41-41450881ca95,11,3.3129,3.1495,23.326,0.3886,122.8
8a242631-296c-4f91-8b41-41450881ca95,12,3.2651,3.0915,22.009,0.4056,122.8
8a242631-296c-4f91-8b41-41450881ca95,13,3.1756,3.0237,20.568,0.404,122.8
8a242631-296c-4f91-8b41-41450881ca95,14,3.1092,2.9474,19.056,0.4194,122.8
8a242631-296c-4f91-8b41-41450881ca95,15,3.0256,2.8897,17.988,0.4297,122.8
8a242631-296c-4f91-8b41-41450881ca95,16,2.9699,2.8335,17.005,0.4419,122.8
8a242631-296c-4f91-8b41-41450881ca95,17,2.9097,2.7615,15.824,0.4585,122.8
8a242631-296c-4f91-8b41-41450881ca95,18,2.8506,2.739,15.471,0.4534,122.8
8a242631-296c-4f91-8b41-41450881ca95,19,2.776,2.6713,14.458,0.4664,122.9
8a242631-296c-4f91-8b41-41450881ca95,20,2.7478,2.6311,13.889,0.4735,130.1
8a242631-296c-4f91-8b41-41450881ca95,21,2.7236,2.5986,13.444,0.4763,129.1
8a242631-296c-4f91-8b41-41450881ca95,22,2.6543,2.5331,12.592,0.4882,126.8
8a242631-296c-4f91-8b41-41450881ca95,23,2.6196,2.4901,12.063,0.4949,125.6
8a242631-296c-4f91-8b41-41450881ca95,24,2.5664,2.4838,11.987,0.4976,130.1
8a242631-296c-4f91-8b41-41450881ca95,25,2.5401,2.46,11.705,0.4976,129.4
8a242631-296c-4f91-8b41-41450881ca95,26,2.5043,2.467,11.787,0.5039,126.2
8a242631-296c-4f91-8b41-41450881ca95,27,2.4783,2.4187,11.231,0.5103,124.1
8a242631-296c-4f91-8b41-41450881ca95,28,2.4303,2.404,11.067,0.5099,124.1
8a242631-296c-4f91-8b41-41450881ca95,29,2.4081,2.3762,10.764,0.5111,124.3
8a242631-296c-4f91-8b41-41450881ca95,30,2.3656,2.3316,10.294,0.5209,122.3
8a242631-296c-4f91-8b41-41450881ca95,31,2.3663,2.3273,10.251,0.5225,122.4
8a242631-296c-4f91-8b41-41450881ca95,32,2.3253,2.3213,10.189,0.5205,122.5
8a242631-296c-4f91-8b41-41450881ca95,33,2.2946,2.3018,9.992,0.5276,122.5
8a242631-296c-4f91-8b41-41450881ca95,34,2.2705,2.2797,9.774,0.5237,122.4
8a242631-296c-4f91-8b41-41450881ca95,35,2.2628,2.2584,9.568,0.532,122.4
8a242631-296c-4f91-8b41-41450881ca95,36,2.2478,2.2529,9.515,0.5276,122.4
8a242631-296c-4f91-8b41-41450881ca95,37,2.2458,2.2402,9.395,0.528,122.2
8a242631-296c-4f91-8b41-41450881ca95,38,2.2003,2.2216,9.222,0.5383,122.3
8a242631-296c-4f91-8b41-41450881ca95,39,2.1786,2.2173,9.182,0.5336,122.3
8a242631-296c-4f91-8b41-41450881ca95,40,2.1691,2.2083,9.101,0.5379,122.7
8a242631-296c-4f91-8b41-41450881ca95,41,2.1796,2.1933,8.965,0.5427,122.4
8a242631-296c-4f91-8b41-41450881ca95,42,2.1509,2.1948,8.978,0.5399,122.4
8a242631-296c-4f91-8b41-41450881ca95,43,2.1639,2.1882,8.919,0.5427,122.4
8a242631-296c-4f91-8b41-41450881ca95,44,2.1322,2.1851,8.892,0.5466,122.5
8a242631-296c-4f91-8b41-41450881ca95,45,2.1151,2.1842,8.883,0.5478,122.4
8a242631-296c-4f91-8b41-41450881ca95,46,2.1399,2.1811,8.856,0.5438,122.3
8a242631-296c-4f91-8b41-41450881ca95,47,2.1167,2.1816,8.86,0.5442,122.4
8a242631-296c-4f91-8b41-41450881ca95,48,2.1138,2.1792,8.839,0.5454,122.4
8a242631-296c-4f91-8b41-41450881ca95,49,2.1282,2.1787,8.835,0.545,122.8
8a242631-296c-4f91-8b41-41450881ca95,50,2.0985,2.1787,8.835,0.5454,122.5
62be7806-e915-43ea-8f6e-df707561017a,1,5.4391,5.0568,157.092,0.2279,20.0
62be7806-e915-43ea-8f6e-df707561017a,2,4.8672,4.6685,106.539,0.2709,19.4
62be7806-e915-43ea-8f6e-df707561017a,3,4.5275,4.3051,74.08,0.2942,19.3
62be7806-e915-43ea-8f6e-df707561017a,4,4.2266,4.0181,55.597,0.3179,19.4
62be7806-e915-43ea-8f6e-df707561017a,5,3.9585,3.8161,45.424,0.3408,19.2
62be7806-e915-43ea-8f6e-df707561017a,6,3.7722,3.6166,37.211,0.3653,18.6
62be7806-e915-43ea-8f6e-df707561017a,7,3.6148,3.4835,32.572,0.372,18.5
62be7806-e915-43ea-8f6e-df707561017a,8,3.4583,3.3444,28.344,0.3863,18.6
62be7806-e915-43ea-8f6e-df707561017a,9,3.3336,3.2305,25.292,0.3961,18.6
62be7806-e915-43ea-8f6e-df707561017a,10,3.2492,3.1315,22.908,0.4092,18.5
62be7806-e915-43ea-8f6e-df707561017a,11,3.1671,3.0721,21.588,0.406,18.5
62be7806-e915-43ea-8f6e-df707561017a,12,3.0802,2.9952,19.989,0.4226,18.5
62be7806-e915-43ea-8f6e-df707561017a,13,3.0103,2.919,18.524,0.4313,18.7
62be7806-e915-43ea-8f6e-df707561017a,14,2.9516,2.875,17.726,0.4412,18.6
62be7806-e915-43ea-8f6e-df707561017a,15,2.8881,2.798,16.411,0.4526,18.6
62be7806-e915-43ea-8f6e-df707561017a,16,2.8227,2.7314,15.354,0.4637,18.5
62be7806-e915-43ea-8f6e-df707561017a,17,2.7829,2.673,14.484,0.4648,18.6
62be7806-e915-43ea-8f6e-df707561017a,18,2.7158,2.6524,14.188,0.4704,18.5
62be7806-e915-43ea-8f6e-df707561017a,19,2.6816,2.6026,13.499,0.4787,18.5
62be7806-e915-43ea-8f6e-df707561017a,20,2.6471,2.5467,12.764,0.4795,18.5
62be7806-e915-43ea-8f6e-df707561017a,21,2.5983,2.5152,12.369,0.4953,18.5
62be7806-e915-43ea-8f6e-df707561017a,22,2.5717,2.495,12.122,0.4961,18.5
62be7806-e915-43ea-8f6e-df707561017a,23,2.5296,2.4604,11.71,0.4941,18.5
62be7806-e915-43ea-8f6e-df707561017a,24,2.5274,2.4327,11.39,0.5063,18.5
62be7806-e915-43ea-8f6e-df707561017a,25,2.4581,2.4014,11.038,0.5134,18.5
62be7806-e915-43ea-8f6e-df707561017a,26,2.4287,2.3933,10.95,0.5182,18.5
62be7806-e915-43ea-8f6e-df707561017a,27,2.4269,2.3712,10.71,0.5122,18.5
62be7806-e915-43ea-8f6e-df707561017a,28,2.3919,2.3476,10.46,0.5118,18.5
62be7806-e915-43ea-8f6e-df707561017a,29,2.3733,2.3138,10.113,0.5217,18.5
62be7806-e915-43ea-8f6e-df707561017a,30,2.3351,2.2888,9.863,0.5201,18.5
62be7806-e915-43ea-8f6e-df707561017a,31,2.3385,2.2641,9.623,0.5241,18.6
62be7806-e915-43ea-8f6e-df707561017a,32,2.2824,2.2516,9.503,0.5359,18.5
62be7806-e915-43ea-8f6e-df707561017a,33,2.2698,2.2622,9.604,0.5284,18.5
62be7806-e915-43ea-8f6e-df707561017a,34,2.2694,2.2401,9.394,0.5387,18.5
62be7806-e915-43ea-8f6e-df707561017a,35,2.2578,2.2505,9.493,0.5205,18.6
62be7806-e915-43ea-8f6e-df707561017a,36,2.226,2.2203,9.21,0.5352,18.6
62be7806-e915-43ea-8f6e-df707561017a,37,2.2082,2.1967,8.995,0.5399,18.6
62be7806-e915-43ea-8f6e-df707561017a,38,2.2175,2.1823,8.866,0.5423,18.6
62be7806-e915-43ea-8f6e-df707561017a,39,2.1782,2.1629,8.696,0.545,18.6
62be7806-e915-43ea-8f6e-df707561017a,40,2.1694,2.1802,8.848,0.5458,18.6
62be7806-e915-43ea-8f6e-df707561017a,41,2.1637,2.1589,8.661,0.543,18.6
62be7806-e915-43ea-8f6e-df707561017a,42,2.1436,2.1433,8.528,0.5462,18.6
62be7806-e915-43ea-8f6e-df707561017a,43,2.136,2.1591,8.663,0.5521,18.6
62be7806-e915-43ea-8f6e-df707561017a,44,2.1156,2.1289,8.405,0.547,18.6
62be7806-e915-43ea-8f6e-df707561017a,45,2.1059,2.1039,8.198,0.5573,18.7
62be7806-e915-43ea-8f6e-df707561017a,46,2.0858,2.1098,8.247,0.5537,18.6
62be7806-e915-43ea-8f6e-df707561017a,47,2.0712,2.0947,8.123,0.5616,18.7
62be7806-e915-43ea-8f6e-df707561017a,48,2.0626,2.0963,8.136,0.5577,18.6
62be7806-e915-43ea-8f6e-df707561017a,49,2.0574,2.0632,7.871,0.5604,18.6
62be7806-e915-43ea-8f6e-df707561017a,50,2.0505,2.081,8.012,0.5545,18.7
ab42ad44-2d0f-4d19-9cd5-d0e3d2ee4164,1,5.4081,5.0222,151.744,0.2299,18.6
ab42ad44-2d0f-4d19-9cd5-d0e3d2ee4164,2,4.7991,4.5855,98.054,0.2729,18.6
ab42ad44-2d0f-4d19-9cd5-d0e3d2ee4164,3,4.4496,4.2213,68.124,0.3017,18.6
ab42ad44-2d0f-4d19-9cd5-d0e3d2ee4164,4,4.1199,3.9163,50.213,0.3333,18.6
ab42ad44-2d0f-4d19-9cd5-d0e3d2ee4164,5,3.8532,3.6775,39.546,0.3507,18.6
ab42ad44-2d0f-4d19-9cd5-d0e3d2ee4164,6,3.686,3.5084,33.396,0.3661,18.6
ab42ad44-2d0f-4d19-9cd5-d0e3d2ee4164,7,3.513,3.375,29.224,0.3709,18.6
ab42ad44-2d0f-4d19-9cd5-d0e3d2ee4164,8,3.3942,3.2394,25.518,0.3859,18.6
ab42ad44-2d0f-4d19-9cd5-d0e3d2ee4164,9,3.28,3.1467,23.259,0.4036,18.6
ab42ad44-2d0f-4d19-9cd5-d0e3d2ee4164,10,3.2004,3.049,21.094,0.4214,18.6
ab42ad44-2d0f-4d19-9cd5-d0e3d2ee4164,11,3.094,2.9864,19.814,0.4273,18.6
ab42ad44-2d0f-4d19-9cd5-d0e3d2ee4164,12,3.029,2.8885,17.967,0.4372,18.6
ab42ad44-2d0f-4d19-9cd5-d0e3d2ee4164,13,2.9537,2.855,17.374,0.4447,18.5
ab42ad44-2d0f-4d19-9cd5-d0e3d2ee4164,14,2.8973,2.7768,16.068,0.4506,18.5
ab42ad44-2d0f-4d19-9cd5-d0e3d2ee4164,15,2.8153,2.7387,15.467,0.4601,18.5
ab42ad44-2d0f-4d19-9cd5-d0e3d2ee4164,16,2.7692,2.6748,14.509,0.466,18.5
ab42ad44-2d0f-4d19-9cd5-d0e3d2ee4164,17,2.7239,2.6267,13.828,0.481,18.5
ab42ad44-2d0f-4d19-9cd5-d0e3d2ee4164,18,2.6791,2.5955,13.403,0.4838,18.5
ab42ad44-2d0f-4d19-9cd5-d0e3d2ee4164,19,2.6308,2.5461,12.757,0.4933,18.5
ab42ad44-2d0f-4d19-9cd5-d0e3d2ee4164,20,2.595,2.5128,12.339,0.4929,18.5
ab42ad44-2d0f-4d19-9cd5-d0e3d2ee4164,21,2.5669,2.4791,11.931,0.5039,18.5
ab42ad44-2d0f-4d19-9cd5-d0e3d2ee4164,22,2.5458,2.4375,11.444,0.5063,18.5
ab42ad44-2d0f-4d19-9cd5-d0e3d2ee4164,23,2.494,2.4274,11.33,0.5111,18.5
ab42ad44-2d0f-4d19-9cd5-d0e3d2ee4164,24,2.4682,2.3939,10.956,0.5205,18.5
ab42ad44-2d0f-4d19-9cd5-d0e3d2ee4164,25,2.4349,2.3991,11.014,0.5186,18.5
ab42ad44-2d0f-4d19-9cd5-d0e3d2ee4164,26,2.4008,2.3718,10.717,0.5205,18.5
ab42ad44-2d0f-4d19-9cd5-d0e3d2ee4164,27,2.3761,2.3494,10.479,0.5174,18.5
ab42ad44-2d0f-4d19-9cd5-d0e3d2ee4164,28,2.3657,2.3201,10.177,0.5221,18.5
ab42ad44-2d0f-4d19-9cd5-d0e3d2ee4164,29,2.3422,2.3049,10.023,0.5296,18.5
ab42ad44-2d0f-4d19-9cd5-d0e3d2ee4164,30,2.3211,2.2784,9.761,0.5288,18.5
ab42ad44-2d0f-4d19-9cd5-d0e3d2ee4164,31,2.2964,2.2419,9.411,0.5379,18.5
ab42ad44-2d0f-4d19-9cd5-d0e3d2ee4164,32,2.2716,2.2359,9.355,0.5344,18.5
ab42ad44-2d0f-4d19-9cd5-d0e3d2ee4164,33,2.2546,2.2056,9.076,0.5403,18.5
ab42ad44-2d0f-4d19-9cd5-d0e3d2ee4164,34,2.2503,2.2004,9.028,0.5478,18.5
ab42ad44-2d0f-4d19-9cd5-d0e3d2ee4164,35,2.2072,2.2132,9.145,0.5379,18.5
ab42ad44-2d0f-4d19-9cd5-d0e3d2ee4164,36,2.2096,2.2008,9.032,0.5438,18.5
ab42ad44-2d0f-4d19-9cd5-d0e3d2ee4164,37,2.1958,2.1658,8.722,0.5498,18.5
ab42ad44-2d0f-4d19-9cd5-d0e3d2ee4164,38,2.1711,2.2084,9.101,0.5442,18.5
ab42ad44-2d0f-4d19-9cd5-d0e3d2ee4164,39,2.1548,2.1621,8.689,0.5557,18.5
ab42ad44-2d0f-4d19-9cd5-d0e3d2ee4164,40,2.1566,2.179,8.838,0.5474,18.5
ab42ad44-2d0f-4d19-9cd5-d0e3d2ee4164,41,2.1302,2.1557,8.634,0.5458,18.5
ab42ad44-2d0f-4d19-9cd5-d0e3d2ee4164,42,2.1184,2.1379,8.481,0.5509,18.6
ab42ad44-2d0f-4d19-9cd5-d0e3d2ee4164,43,2.1132,2.1206,8.336,0.5585,18.5
ab42ad44-2d0f-4d19-9cd5-d0e3d2ee4164,44,2.0967,2.1045,8.203,0.5616,18.5
ab42ad44-2d0f-4d19-9cd5-d0e3d2ee4164,45,2.0764,2.1221,8.349,0.5537,18.5
ab42ad44-2d0f-4d19-9cd5-d0e3d2ee4164,46,2.0791,2.1004,8.169,0.5604,18.5
ab42ad44-2d0f-4d19-9cd5-d0e3d2ee4164,47,2.0666,2.1117,8.262,0.5596,18.5
ab42ad44-2d0f-4d19-9cd5-d0e3d2ee4164,48,2.0408,2.0864,8.056,0.5592,18.5
ab42ad44-2d0f-4d19-9cd5-d0e3d2ee4164,49,2.0351,2.0796,8.002,0.5569,18.5
ab42ad44-2d0f-4d19-9cd5-d0e3d2ee4164,50,2.0393,2.0638,7.876,0.564,18.5
3a475ec7-6744-450d-9a7b-d9e40d2461a6,1,5.4277,5.0981,163.712,0.2251,15.7
3a475ec7-6744-450d-9a7b-d9e40d2461a6,2,4.9092,4.7464,115.166,0.2563,15.7
3a475ec7-6744-450d-9a7b-d9e40d2461a6,3,4.6201,4.4494,85.577,0.2891,15.7
3a475ec7-6744-450d-9a7b-d9e40d2461a6,4,4.3311,4.1612,64.151,0.3175,15.7
3a475ec7-6744-450d-9a7b-d9e40d2461a6,5,4.1105,3.9444,51.645,0.3294,15.7
3a475ec7-6744-450d-9a7b-d9e40d2461a6,6,3.9168,3.7384,42.033,0.3507,15.7
3a475ec7-6744-450d-9a7b-d9e40d2461a6,7,3.7462,3.6077,36.88,0.3531,15.7
3a475ec7-6744-450d-9a7b-d9e40d2461a6,8,3.599,3.4623,31.891,0.3744,15.8
3a475ec7-6744-450d-9a7b-d9e40d2461a6,9,3.4828,3.3404,28.23,0.378,15.8
3a475ec7-6744-450d-9a7b-d9e40d2461a6,10,3.3717,3.2477,25.731,0.3863,15.7
3a475ec7-6744-450d-9a7b-d9e40d2461a6,11,3.294,3.1588,23.543,0.4013,15.7
3a475ec7-6744-450d-9a7b-d9e40d2461a6,12,3.2226,3.1203,22.653,0.4092,15.8
3a475ec7-6744-450d-9a7b-d9e40d2461a6,13,3.1209,3.0237,20.568,0.4167,15.8
3a475ec7-6744-450d-9a7b-d9e40d2461a6,14,3.0449,2.9799,19.686,0.4388,15.7
3a475ec7-6744-450d-9a7b-d9e40d2461a6,15,2.992,2.9014,18.2,0.4392,15.7
3a475ec7-6744-450d-9a7b-d9e40d2461a6,16,2.9429,2.8621,17.499,0.4412,15.8
3a475ec7-6744-450d-9a7b-d9e40d2461a6,17,2.8769,2.7971,16.396,0.4494,15.7
3a475ec7-6744-450d-9a7b-d9e40d2461a6,18,2.836,2.7379,15.454,0.4637,15.7
3a475ec7-6744-450d-9a7b-d9e40d2461a6,19,2.7844,2.7069,14.982,0.4676,15.8
3a475ec7-6744-450d-9a7b-d9e40d2461a6,20,2.7312,2.6732,14.487,0.4708,15.8
3a475ec7-6744-450d-9a7b-d9e40d2461a6,21,2.6769,2.6182,13.711,0.4878,15.7
3a475ec7-6744-450d-9a7b-d9e40d2461a6,22,2.6505,2.5748,13.128,0.4905,15.7
3a475ec7-6744-450d-9a7b-d9e40d2461a6,23,2.6178,2.5516,12.828,0.4917,15.8
3a475ec7-6744-450d-9a7b-d9e40d2461a6,24,2.5933,2.5245,12.485,0.4874,15.7
3a475ec7-6744-450d-9a7b-d9e40d2461a6,25,2.5585,2.4964,12.138,0.4945,15.7
3a475ec7-6744-450d-9a7b-d9e40d2461a6,26,2.5271,2.4837,11.985,0.5,15.7
3a475ec7-6744-450d-9a7b-d9e40d2461a6,27,2.4831,2.4775,11.911,0.5024,15.8
3a475ec7-6744-450d-9a7b-d9e40d2461a6,28,2.4729,2.4427,11.504,0.5008,15.8
3a475ec7-6744-450d-9a7b-d9e40d2461a6,29,2.4469,2.4286,11.343,0.5051,15.7
3a475ec7-6744-450d-9a7b-d9e40d2461a6,30,2.4369,2.4019,11.044,0.5122,15.7
3a475ec7-6744-450d-9a7b-d9e40d2461a6,31,2.4006,2.3536,10.523,0.5182,15.8
3a475ec7-6744-450d-9a7b-d9e40d2461a6,32,2.3934,2.3577,10.567,0.517,15.7
3a475ec7-6744-450d-9a7b-d9e40d2461a6,33,2.3608,2.3172,10.148,0.513,15.7
3a475ec7-6744-450d-9a7b-d9e40d2461a6,34,2.3389,2.3135,10.11,0.5217,15.7
3a475ec7-6744-450d-9a7b-d9e40d2461a6,35,2.3106,2.3036,10.011,0.5292,15.8
3a475ec7-6744-450d-9a7b-d9e40d2461a6,36,2.3207,2.2775,9.753,0.5316,15.7
3a475ec7-6744-450d-9a7b-d9e40d2461a6,37,2.2737,2.2632,9.613,0.5213,15.7
3a475ec7-6744-450d-9a7b-d9e40d2461a6,38,2.267,2.2621,9.603,0.5328,15.8
3a475ec7-6744-450d-9a7b-d9e40d2461a6,39,2.2707,2.2695,9.675,0.5348,15.8
3a475ec7-6744-450d-9a7b-d9e40d2461a6,40,2.2273,2.2359,9.355,0.5379,15.7
3a475ec7-6744-450d-9a7b-d9e40d2461a6,41,2.2196,2.2417,9.409,0.5253,15.7
3a475ec7-6744-450d-9a7b-d9e40d2461a6,42,2.2153,2.2038,9.059,0.545,15.8
3a475ec7-6744-450d-9a7b-d9e40d2461a6,43,2.1876,2.2274,9.276,0.5375,15.7
3a475ec7-6744-450d-9a7b-d9e40d2461a6,44,2.1716,2.2183,9.191,0.5332,15.7
3a475ec7-6744-450d-9a7b-d9e40d2461a6,45,2.17,2.1755,8.807,0.5411,15.7
3a475ec7-6744-450d-9a7b-d9e40d2461a6,46,2.1624,2.1899,8.935,0.5371,15.8
3a475ec7-6744-450d-9a7b-d9e40d2461a6,47,2.1566,2.1701,8.759,0.543,15.7
3a475ec7-6744-450d-9a7b-d9e40d2461a6,48,2.1033,2.1695,8.754,0.5446,15.7
3a475ec7-6744-450d-9a7b-d9e40d2461a6,49,2.1246,2.1585,8.658,0.543,15.7
3a475ec7-6744-450d-9a7b-d9e40d2461a6,50,2.1069,2.1578,8.652,0.5478,15.8
11bcd32a-4bb4-43a5-8acc-3faeeae6eeac,1,5.338,4.9389,139.619,0.237,18.0
11bcd32a-4bb4-43a5-8acc-3faeeae6eeac,2,4.6787,4.4671,87.102,0.2871,18.0
11bcd32a-4bb4-43a5-8acc-3faeeae6eeac,3,4.2372,4.1454,63.142,0.3191,17.9
11bcd32a-4bb4-43a5-8acc-3faeeae6eeac,4,3.9127,3.7975,44.591,0.3397,18.0
11bcd32a-4bb4-43a5-8acc-3faeeae6eeac,5,3.6485,3.5409,34.498,0.3669,18.0
11bcd32a-4bb4-43a5-8acc-3faeeae6eeac,6,3.4345,3.3902,29.671,0.3744,18.0
11bcd32a-4bb4-43a5-8acc-3faeeae6eeac,7,3.2564,3.2203,25.034,0.3969,18.0
11bcd32a-4bb4-43a5-8acc-3faeeae6eeac,8,3.1151,3.0875,21.922,0.4147,18.0
11bcd32a-4bb4-43a5-8acc-3faeeae6eeac,9,2.9968,3.0081,20.249,0.4242,19.1
11bcd32a-4bb4-43a5-8acc-3faeeae6eeac,10,2.8897,2.8937,18.059,0.4427,18.3
11bcd32a-4bb4-43a5-8acc-3faeeae6eeac,11,2.7813,2.7873,16.237,0.4629,19.3
11bcd32a-4bb4-43a5-8acc-3faeeae6eeac,12,2.7094,2.7418,15.514,0.472,18.5
11bcd32a-4bb4-43a5-8acc-3faeeae6eeac,13,2.6204,2.6718,14.466,0.4795,18.8
11bcd32a-4bb4-43a5-8acc-3faeeae6eeac,14,2.5528,2.623,13.777,0.4818,18.3
11bcd32a-4bb4-43a5-8acc-3faeeae6eeac,15,2.4963,2.5495,12.801,0.4961,18.7
11bcd32a-4bb4-43a5-8acc-3faeeae6eeac,16,2.4481,2.5074,12.273,0.4885,18.9
11bcd32a-4bb4-43a5-8acc-3faeeae6eeac,17,2.3858,2.4572,11.672,0.5028,19.6
11bcd32a-4bb4-43a5-8acc-3faeeae6eeac,18,2.3328,2.4499,11.587,0.5024,19.4
11bcd32a-4bb4-43a5-8acc-3faeeae6eeac,19,2.2917,2.4062,11.092,0.5118,19.4
11bcd32a-4bb4-43a5-8acc-3faeeae6eeac,20,2.2542,2.3801,10.806,0.5111,18.4
11bcd32a-4bb4-43a5-8acc-3faeeae6eeac,21,2.2258,2.363,10.623,0.5201,19.3
11bcd32a-4bb4-43a5-8acc-3faeeae6eeac,22,2.2073,2.3407,10.389,0.5201,18.2
11bcd32a-4bb4-43a5-8acc-3faeeae6eeac,23,2.154,2.332,10.298,0.5205,18.4
11bcd32a-4bb4-43a5-8acc-3faeeae6eeac,24,2.1222,2.2893,9.868,0.5359,18.4
11bcd32a-4bb4-43a5-8acc-3faeeae6eeac,25,2.1162,2.2761,9.739,0.5304,18.2
11bcd32a-4bb4-43a5-8acc-3faeeae6eeac,26,2.0947,2.275,9.728,0.5261,18.1
11bcd32a-4bb4-43a5-8acc-3faeeae6eeac,27,2.0657,2.2436,9.427,0.5415,18.2
11bcd32a-4bb4-43a5-8acc-3faeeae6eeac,28,2.0476,2.2335,9.333,0.5387,18.2
11bcd32a-4bb4-43a5-8acc-3faeeae6eeac,29,1.9992,2.2164,9.174,0.5336,18.2
11bcd32a-4bb4-43a5-8acc-3faeeae6eeac,30,1.9775,2.1978,9.005,0.5438,18.1
11bcd32a-4bb4-43a5-8acc-3faeeae6eeac,31,1.9811,2.2045,9.065,0.5486,18.0
11bcd32a-4bb4-43a5-8acc-3faeeae6eeac,32,1.9661,2.1652,8.716,0.5509,18.0
11bcd32a-4bb4-43a5-8acc-3faeeae6eeac,33,1.9199,2.1694,8.753,0.5537,18.1
11bcd32a-4bb4-43a5-8acc-3faeeae6eeac,34,1.9349,2.1628,8.696,0.5545,18.1
11bcd32a-4bb4-43a5-8acc-3faeeae6eeac,35,1.9307,2.1892,8.928,0.5525,19.6
11bcd32a-4bb4-43a5-8acc-3faeeae6eeac,36,1.8824,2.1697,8.756,0.5517,18.1
11bcd32a-4bb4-43a5-8acc-3faeeae6eeac,37,1.8765,2.1415,8.512,0.5569,18.0
11bcd32a-4bb4-43a5-8acc-3faeeae6eeac,38,1.8531,2.1226,8.352,0.5581,18.1
11bcd32a-4bb4-43a5-8acc-3faeeae6eeac,39,1.8435,2.15,8.585,0.5517,18.1
11bcd32a-4bb4-43a5-8acc-3faeeae6eeac,40,1.8377,2.1151,8.29,0.5573,18.1
11bcd32a-4bb4-43a5-8acc-3faeeae6eeac,41,1.8256,2.1178,8.313,0.5581,18.0
11bcd32a-4bb4-43a5-8acc-3faeeae6eeac,42,1.7967,2.1056,8.212,0.5577,18.1
11bcd32a-4bb4-43a5-8acc-3faeeae6eeac,43,1.8027,2.125,8.373,0.5616,18.1
11bcd32a-4bb4-43a5-8acc-3faeeae6eeac,44,1.7932,2.1213,8.342,0.5596,18.0
11bcd32a-4bb4-43a5-8acc-3faeeae6eeac,45,1.7656,2.0723,7.943,0.5687,18.0
11bcd32a-4bb4-43a5-8acc-3faeeae6eeac,46,1.7611,2.0691,7.918,0.5739,18.1
11bcd32a-4bb4-43a5-8acc-3faeeae6eeac,47,1.7333,2.0787,7.994,0.5592,18.0
11bcd32a-4bb4-43a5-8acc-3faeeae6eeac,48,1.7406,2.085,8.044,0.5707,18.0
11bcd32a-4bb4-43a5-8acc-3faeeae6eeac,49,1.7391,2.067,7.901,0.5679,18.0
11bcd32a-4bb4-43a5-8acc-3faeeae6eeac,50,1.7236,2.073,7.948,0.5731,18.0
