experiment,run_id,d_model,seq_len,dropout_rate,num_encoders,num_heads,ffn_multiplier,cosine_annealing,qk_norm,epochs,num_parameters,train_seed,best_val_loss,best_epoch,best_val_perplexity,best_val_accuracy,final_train_loss,final_val_loss,mean_epoch_seconds,git_commit
sweep_20ep,4be95609-e2a2-4164-a8d6-441ac3cd5b71,64,32,0.1,6,4,6,False,True,20,689300,1698364941,3.0847,20,21.86,0.4072,3.1996,3.0847,10.9,bd25f8f617c684da733cf1dc8ea744ab6fe8f8a7
sweep_20ep,aed0912f-a931-4a44-a2b8-936a7079e35e,64,32,0.1,6,4,6,True,True,20,689300,2772857859,3.4267,20,30.776,0.3736,3.5103,3.4267,10.9,bd25f8f617c684da733cf1dc8ea744ab6fe8f8a7
sweep_20ep,65f86ab7-9ce3-4a34-882f-cbec60b302a3,32,32,0.1,6,4,6,False,True,20,247476,4139540184,3.893,20,49.06,0.329,4.0283,3.893,8.6,1f64215b3b74fa3cd4f26665370c5253c413c662
sweep_20ep,0a87c21d-c8e6-4deb-8ed3-abc650e9a30a,32,32,0.1,6,4,6,True,True,20,247476,3196053871,4.2434,20,69.647,0.3002,4.3166,4.2434,8.5,d2b56dee2f604f00ae85a1c6473ccc2998655a4c
sweep_20ep,c15312e6-d134-41a3-a61d-99e97b9af5d2,128,32,0.1,6,4,6,False,True,20,2162772,1394270258,2.5443,19,12.734,0.4854,2.6314,2.5446,19.1,fd8f56370e18672ce56c9df49474d706717cd9d4
sweep_20ep,48488959-b754-4ae6-a0a9-eb48d151380c,128,32,0.1,6,4,6,True,True,20,2162772,3602813729,2.9013,20,18.198,0.4431,2.9097,2.9013,19.7,fc84c6904673e2ffb6f59ff79d63d72af2c3e4aa
sweep_20ep,ee21371a-8146-40c5-ad90-f5f1e17f9302,64,16,0.1,6,4,6,False,True,20,689300,906210753,3.0079,20,20.244,0.4271,3.1629,3.0079,8.6,fc84c6904673e2ffb6f59ff79d63d72af2c3e4aa
sweep_20ep,0795f23b-6320-4d47-8de4-d15efedffda4,64,16,0.1,6,4,6,True,True,20,689300,1472497759,3.3025,20,27.182,0.3928,3.4627,3.3025,8.5,fc84c6904673e2ffb6f59ff79d63d72af2c3e4aa
sweep_20ep,54e45f7a-962b-4135-8d5d-9b9384f1968a,64,64,0.1,6,4,6,False,True,20,689300,1639093479,3.058,20,21.286,0.4164,3.2514,3.058,21.0,fc84c6904673e2ffb6f59ff79d63d72af2c3e4aa
sweep_20ep,697d1bee-b3a9-407d-bd0c-63aef6496405,64,64,0.1,6,4,6,True,True,20,689300,2118915185,3.3735,20,29.181,0.3897,3.5042,3.3735,20.9,fc84c6904673e2ffb6f59ff79d63d72af2c3e4aa
sweep_20ep,a696be6a-20ba-45f3-a08d-b4e5c0233b83,64,32,0.0,6,4,6,False,True,20,689300,973681351,2.9408,20,18.932,0.4297,2.8744,2.9408,10.8,fc84c6904673e2ffb6f59ff79d63d72af2c3e4aa
sweep_20ep,85a65b36-89d7-4e58-b33f-1837341cfad9,64,32,0.0,6,4,6,True,True,20,689300,1241141533,3.2603,20,26.058,0.4032,3.1657,3.2603,10.6,306bafd5640ac4d97cc1235407f2806ef3aedca4
sweep_20ep,30a10a52-380f-4d59-a0ff-2b3053293044,64,32,0.2,6,4,6,False,True,20,689300,3508195638,3.3202,20,27.667,0.3811,3.5062,3.3202,11.0,306bafd5640ac4d97cc1235407f2806ef3aedca4
sweep_20ep,ae8a4d85-181e-474b-a7d0-28167e3372e8,64,32,0.2,6,4,6,True,True,20,689300,3777512537,3.693,20,40.167,0.3495,3.8355,3.693,10.8,306bafd5640ac4d97cc1235407f2806ef3aedca4
sweep_20ep,dfae7e0e-9750-4288-8db3-4c9c0f890361,64,32,0.3,6,4,6,False,True,20,689300,3085573075,3.5346,20,34.28,0.361,3.7738,3.5346,11.0,306bafd5640ac4d97cc1235407f2806ef3aedca4
sweep_20ep,4572d031-a1b8-4160-b27d-bd2dce508940,64,32,0.3,6,4,6,True,True,20,689300,1084932670,3.9102,20,49.908,0.3171,4.0876,3.9102,10.4,306bafd5640ac4d97cc1235407f2806ef3aedca4
sweep_20ep,a2258bbb-9fe2-4235-992f-6f4f33ed0c27,64,32,0.1,3,4,6,False,True,20,490484,3657547546,3.1511,20,23.362,0.4064,3.288,3.1511,7.1,306bafd5640ac4d97cc1235407f2806ef3aedca4
sweep_20ep,ef97f98a-fcac-4599-94ec-a816a0668e83,64,32,0.1,3,4,6,True,True,20,490484,3758115443,3.6317,20,37.776,0.3598,3.7082,3.6317,7.1,306bafd5640ac4d97cc1235407f2806ef3aedca4
sweep_20ep,1b66532d-4ccc-4fde-9d5d-bac7a6635215,64,32,0.1,9,4,6,False,True,20,888116,1198380793,3.0948,20,22.082,0.4107,3.2223,3.0948,14.0,306bafd5640ac4d97cc1235407f2806ef3aedca4
sweep_20ep,f8b009ae-91f3-4d74-89aa-6be897fd8a92,64,32,0.1,9,4,6,True,True,20,888116,2467005417,3.422,20,30.631,0.3776,3.5213,3.422,14.0,306bafd5640ac4d97cc1235407f2806ef3aedca4
sweep_20ep,139f956b-3610-4bdd-942b-d7b3fb3fe4e6,64,32,0.1,6,2,6,False,True,20,689492,94390369,3.1175,20,22.589,0.4032,3.2232,3.1175,9.5,306bafd5640ac4d97cc1235407f2806ef3aedca4
sweep_20ep,4c24d3ba-56f5-47f3-8d72-220233635d50,64,32,0.1,6,2,6,True,True,20,689492,3551973034,3.4083,20,30.214,0.3835,3.4973,3.4083,9.5,306bafd5640ac4d97cc1235407f2806ef3aedca4
sweep_20ep,388f8a54-5c32-4557-b763-45d021296950,64,32,0.1,6,8,6,False,True,20,689204,3291620862,3.1579,20,23.521,0.406,3.3056,3.1579,13.6,306bafd5640ac4d97cc1235407f2806ef3aedca4
sweep_20ep,faab5c4e-f0c6-416f-a484-2d4ca26787b4,64,32,0.1,6,8,6,True,True,20,689204,220841107,3.4736,20,32.254,0.3744,3.5655,3.4736,13.6,306bafd5640ac4d97cc1235407f2806ef3aedca4
sweep_20ep,e68b2122-66dd-4c2a-9d2e-63235824f5c1,64,32,0.1,6,4,4,False,True,20,590228,285649218,3.1051,20,22.312,0.4096,3.2747,3.1051,10.1,306bafd5640ac4d97cc1235407f2806ef3aedca4
sweep_20ep,c5ef348f-413b-4efd-8f96-74d1fcaecdc1,64,32,0.1,6,4,4,True,True,20,590228,1466691162,3.5255,20,33.97,0.3685,3.5888,3.5255,10.3,306bafd5640ac4d97cc1235407f2806ef3aedca4
sweep_20ep,e6ee3fca-b4a0-46cf-8637-9af9309cba96,64,32,0.1,6,4,8,False,True,20,788372,3607856052,3.0812,20,21.785,0.4155,3.1993,3.0812,11.2,306bafd5640ac4d97cc1235407f2806ef3aedca4
sweep_20ep,3c3f9de4-1d33-4e2d-ae8f-65a4b15da2bf,64,32,0.1,6,4,8,True,True,20,788372,2439897935,3.4184,20,30.521,0.387,3.4868,3.4184,11.2,306bafd5640ac4d97cc1235407f2806ef3aedca4
single_512,0ceca2fa-8294-4aac-8cd2-1501706ae68d,512,32,0.3,6,4,6,False,True,50,27518676,1587303524,2.0753,50,7.967,0.5588,2.0082,2.0753,129.4,306bafd5640ac4d97cc1235407f2806ef3aedca4
single_512_cosine,8a242631-296c-4f91-8b41-41450881ca95,512,32,0.3,6,4,6,True,True,50,27518676,3566985192,2.1787,49,8.835,0.545,2.0985,2.1787,123.9,306bafd5640ac4d97cc1235407f2806ef3aedca4
follow_up_128_50ep,62be7806-e915-43ea-8f6e-df707561017a,128,32,0.1,6,4,6,False,True,50,2162772,1851056061,2.0632,49,7.871,0.5604,2.0505,2.081,18.7,306bafd5640ac4d97cc1235407f2806ef3aedca4
follow_up_128_50ep,ab42ad44-2d0f-4d19-9cd5-d0e3d2ee4164,128,32,0.1,6,4,6,False,True,50,2162772,678198707,2.0638,50,7.876,0.564,2.0393,2.0638,18.6,306bafd5640ac4d97cc1235407f2806ef3aedca4
follow_up_128_50ep,3a475ec7-6744-450d-9a7b-d9e40d2461a6,128,32,0.1,6,4,6,False,False,50,2162388,252201964,2.1578,50,8.652,0.5478,2.1069,2.1578,15.7,306bafd5640ac4d97cc1235407f2806ef3aedca4
follow_up_128_50ep,11bcd32a-4bb4-43a5-8acc-3faeeae6eeac,128,32,0.0,6,4,6,False,True,50,2162772,1540749805,2.067,49,7.901,0.5679,1.7236,2.073,18.3,306bafd5640ac4d97cc1235407f2806ef3aedca4
